# ustacks version 1.35; generated on 2016-01-05 21:25:43
0	28	1	ACA	0.08	10
0	28	1	ACC	22.02	2620
0	28	1	AGA	5.36	638
0	28	1	AGC	38.98	4637
0	28	1	GCA	0.06	7
0	28	1	GCC	0.03	3
0	28	1	GGA	25.45	3028
0	28	1	GGC	0.17	20
0	28	3	CACCGT	7.14	3
0	28	3	CAGCAC	19.05	8
0	28	3	CAGCAT	23.81	10
0	28	3	CAGCGC	7.14	3
0	28	3	CCCCGT	9.52	4
0	28	3	TCCTGT	33.33	14
0	28	4	CCA	26.12	210
0	28	4	CCG	12.56	101
0	28	4	TCA	0.87	7
0	28	4	TCG	2.61	21
0	28	4	TGG	57.84	465
0	28	8	GA	57.14	4
0	28	8	TT	42.86	3
0	28	9	C	67.93	449
0	28	9	G	31.47	208
0	28	10	CATATT	18.11	23
0	28	10	CGCATT	3.15	4
0	28	10	CGCCTG	3.94	5
0	28	10	CGCCTT	2.36	3
0	28	10	CGTATT	4.72	6
0	28	10	TGCAGG	4.72	6
0	28	10	TGCCGG	48.03	61
0	28	11	C	60.00	3
0	28	11	T	40.00	2
0	28	12	GAG	34.62	224
0	28	12	GAT	1.55	10
0	28	12	GTG	6.65	43
0	28	12	GTT	20.25	131
0	28	12	TAG	32.92	213
0	28	14	AAA	55.09	352
0	28	14	AGA	1.88	12
0	28	14	GAA	1.25	8
0	28	14	GAT	17.21	110
0	28	14	GGT	22.54	144
0	28	17	CG	37.50	6
0	28	17	GC	43.75	7
0	28	17	GG	18.75	3
0	28	28	C	28.81	3606
0	28	28	G	62.76	7855
0	28	35	AGA	3.07	8
0	28	35	AGC	24.90	65
0	28	35	TAA	22.61	59
0	28	35	TAC	43.30	113
0	28	35	TGC	2.68	7
0	28	36	A	41.67	5
0	28	36	G	58.33	7
0	28	38	C	34.58	2447
0	28	38	G	64.80	4586
0	28	40	CC	20.83	5
0	28	40	CT	29.17	7
0	28	40	TC	20.83	5
0	28	40	TT	29.17	7
0	28	41	CC	50.00	4
0	28	41	TC	12.50	1
0	28	41	TT	37.50	3
0	28	42	GAT	50.00	3
0	28	42	TTA	50.00	3
0	28	47	C	39.47	1361
0	28	47	T	59.89	2065
0	28	49	C	72.93	194
0	28	49	T	27.07	72
0	28	51	A	64.29	9
0	28	51	C	35.71	5
0	28	62	A	36.36	4
0	28	62	G	63.64	7
0	28	67	C	44.60	1277
0	28	67	T	54.31	1555
0	28	71	C	36.36	4
0	28	71	T	63.64	7
0	28	78	AA	25.00	4
0	28	78	GC	75.00	12
0	28	79	CAAC	25.38	587
0	28	79	TAAA	0.17	4
0	28	79	TAAC	32.43	750
0	28	79	TAGA	3.42	79
0	28	79	TAGC	0.82	19
0	28	79	TCAA	4.02	93
0	28	79	TCGA	26.89	622
0	28	83	AAA	11.32	12
0	28	83	AAG	9.43	10
0	28	83	ATA	26.42	28
0	28	83	TAG	47.17	50
0	28	84	A	47.06	8
0	28	84	C	52.94	9
0	28	86	C	50.00	4
0	28	86	T	50.00	4
0	28	99	C	70.59	12
0	28	99	G	29.41	5
0	28	100	A	60.47	511
0	28	100	C	38.34	324
0	28	104	AATT	45.45	10
0	28	104	GCCG	27.27	6
0	28	104	GCTT	27.27	6
0	28	107	A	24.00	6
0	28	107	C	76.00	19
0	28	110	AG	56.25	9
0	28	110	AT	6.25	1
0	28	110	CG	6.25	1
0	28	110	CT	31.25	5
0	28	117	C	69.23	9
0	28	117	T	30.77	4
0	28	118	C	35.00	7
0	28	118	T	65.00	13
0	28	134	C	73.33	11
0	28	134	T	26.67	4
0	28	135	G	36.67	11
0	28	135	T	63.33	19
0	28	139	C	50.00	4
0	28	139	T	50.00	4
0	28	141	C	31.59	169
0	28	141	T	68.41	366
0	28	143	A	70.00	7
0	28	143	G	30.00	3
0	28	144	A	53.33	8
0	28	144	G	46.67	7
0	28	149	ATG	28.00	28
0	28	149	CCC	66.00	66
0	28	149	CTC	6.00	6
0	28	165	GC	25.00	5
0	28	165	TT	75.00	15
0	28	175	AAAA	10.94	7
0	28	175	AGCA	10.94	7
0	28	175	AGCG	18.75	12
0	28	175	GAAA	23.44	15
0	28	175	GGCG	35.94	23
0	28	176	A	30.00	6
0	28	176	G	70.00	14
0	28	178	CACC	16.67	36
0	28	178	CACT	9.26	20
0	28	178	CATC	7.41	16
0	28	178	CATT	9.72	21
0	28	178	CGCT	36.11	78
0	28	178	TATT	12.04	26
0	28	178	TGCT	8.80	19
0	28	181	C	68.18	15
0	28	181	T	31.82	7
0	28	184	AC	27.78	5
0	28	184	AT	44.44	8
0	28	184	GT	27.78	5
0	28	191	CA	28.04	30
0	28	191	TA	11.21	12
0	28	191	TT	60.75	65
0	28	192	C	59.28	131
0	28	192	G	40.72	90
0	28	203	CT	50.00	8
0	28	203	TG	50.00	8
0	28	204	A	26.67	4
0	28	204	G	73.33	11
0	28	216	AG	28.57	4
0	28	216	CA	50.00	7
0	28	216	CG	21.43	3
0	28	218	A	62.50	10
0	28	218	T	37.50	6
0	28	219	A	61.54	8
0	28	219	G	38.46	5
0	28	237	CC	65.22	15
0	28	237	TG	34.78	8
0	28	247	G	21.82	12
0	28	247	T	78.18	43
0	28	250	C	53.85	7
0	28	250	G	46.15	6
0	28	273	CT	73.33	11
0	28	273	TC	26.67	4
0	28	275	C	46.25	512
0	28	275	G	52.85	585
0	28	279	G	61.54	16
0	28	279	T	38.46	10
0	28	281	AAAT	8.49	9
0	28	281	AACT	19.81	21
0	28	281	ATAT	22.64	24
0	28	281	ATCT	16.98	18
0	28	281	GTCC	19.81	21
0	28	281	GTCT	12.26	13
0	28	283	CA	20.34	24
0	28	283	CG	57.63	68
0	28	283	TA	10.17	12
0	28	283	TG	11.86	14
0	28	288	ACA	45.95	17
0	28	288	ACG	32.43	12
0	28	288	TAG	21.62	8
0	28	291	CA	37.61	44
0	28	291	CG	16.24	19
0	28	291	TA	15.38	18
0	28	291	TG	30.77	36
0	28	298	GAA	16.13	15
0	28	298	GAG	36.56	34
0	28	298	GTA	17.20	16
0	28	298	GTG	5.38	5
0	28	298	TAG	24.73	23
0	28	301	CCG	40.32	25
0	28	301	CTA	30.65	19
0	28	301	TCA	29.03	18
0	28	302	A	61.90	13
0	28	302	C	38.10	8
0	28	307	CG	15.91	7
0	28	307	CT	18.18	8
0	28	307	GT	50.00	22
0	28	313	A	50.00	3
0	28	313	G	50.00	3
0	28	316	CA	77.12	91
0	28	316	TC	22.88	27
0	28	323	A	35.29	6
0	28	323	G	64.71	11
0	28	324	AA	23.08	30
0	28	324	AG	56.15	73
0	28	324	GG	20.77	27
0	28	326	CA	10.00	1
0	28	326	CG	20.00	2
0	28	326	TA	30.00	3
0	28	326	TG	40.00	4
0	28	332	C	71.43	10
0	28	332	T	28.57	4
0	28	337	G	50.00	4
0	28	337	T	50.00	4
0	28	342	AGA	2.44	1
0	28	342	AGG	34.15	14
0	28	342	CGA	34.15	14
0	28	342	CTA	2.44	1
0	28	342	CTG	4.88	2
0	28	343	C	57.24	174
0	28	343	T	42.76	130
0	28	345	C	69.23	9
0	28	345	T	30.77	4
0	28	355	CAT	17.95	7
0	28	355	CGC	41.03	16
0	28	355	CGT	17.95	7
0	28	355	TAT	12.82	5
0	28	355	TGT	10.26	4
0	28	357	A	49.66	435
0	28	357	G	50.34	441
0	28	360	A	72.12	75
0	28	360	C	27.88	29
0	28	363	A	41.18	7
0	28	363	G	58.82	10
0	28	365	CC	37.50	3
0	28	365	TG	62.50	5
0	28	366	G	57.14	4
0	28	366	T	42.86	3
0	28	374	AAC	34.64	432
0	28	374	AAT	9.54	119
0	28	374	ATC	15.80	197
0	28	374	GAC	12.43	155
0	28	374	GAT	10.43	130
0	28	374	GTC	6.01	75
0	28	378	A	58.82	10
0	28	378	G	41.18	7
0	28	379	A	34.17	41
0	28	379	T	63.33	76
0	28	383	C	60.00	12
0	28	383	T	40.00	8
0	28	393	CC	35.71	5
0	28	393	TT	64.29	9
0	28	398	G	50.00	5
0	28	398	T	50.00	5
0	28	405	C	53.85	7
0	28	405	T	46.15	6
0	28	411	A	48.00	12
0	28	411	G	52.00	13
0	28	419	C	49.50	100
0	28	419	G	50.50	102
0	28	420	G	42.86	3
0	28	420	T	57.14	4
0	28	430	AC	51.61	16
0	28	430	CT	48.39	15
0	28	443	C	57.14	4
0	28	443	T	42.86	3
0	28	449	ACT	30.77	4
0	28	449	GAC	69.23	9
0	28	451	A	64.71	11
0	28	451	T	35.29	6
0	28	453	AC	33.80	24
0	28	453	GC	26.76	19
0	28	453	GT	33.80	24
0	28	455	AA	5.93	15
0	28	455	AC	37.94	96
0	28	455	GA	45.45	115
0	28	458	G	44.44	4
0	28	458	T	55.56	5
0	28	461	ACAGA	1.58	6
0	28	461	ATAGA	3.17	12
0	28	461	ATGGA	20.84	79
0	28	461	GCAGA	5.54	21
0	28	461	GCATA	32.45	123
0	28	461	GCATG	33.25	126
0	28	461	GTATA	3.17	12
0	28	472	A	50.00	3
0	28	472	T	50.00	3
0	28	476	C	26.21	65
0	28	476	T	73.79	183
0	28	488	AC	61.54	8
0	28	488	TT	38.46	5
0	28	497	AAT	26.32	15
0	28	497	ATC	33.33	19
0	28	497	GTC	40.35	23
0	28	501	G	53.33	8
0	28	501	T	46.67	7
0	28	515	AC	14.29	3
0	28	515	AT	57.14	12
0	28	515	TC	14.29	3
0	28	515	TT	14.29	3
0	28	522	A	50.00	3
0	28	522	G	50.00	3
0	28	525	G	45.16	14
0	28	525	T	54.84	17
0	28	532	CG	33.33	3
0	28	532	TC	66.67	6
0	28	540	C	62.50	5
0	28	540	T	37.50	3
0	28	544	AG	33.33	4
0	28	544	GG	8.33	1
0	28	544	GT	50.00	6
0	28	546	CA	41.18	21
0	28	546	CT	3.92	2
0	28	546	TT	50.98	26
0	28	547	AA	56.25	18
0	28	547	CG	43.75	14
0	28	550	C	72.03	85
0	28	550	T	27.97	33
0	28	562	C	37.32	53
0	28	562	G	62.68	89
0	28	572	CAC	53.06	26
0	28	572	CCC	20.41	10
0	28	572	TCT	26.53	13
0	28	586	GGTC	31.15	19
0	28	586	TACT	32.79	20
0	28	586	TGTC	1.64	1
0	28	586	TGTT	34.43	21
0	28	589	ATA	13.95	6
0	28	589	ATC	6.98	3
0	28	589	TCC	27.91	12
0	28	589	TTA	6.98	3
0	28	589	TTC	44.19	19
0	28	592	C	45.45	5
0	28	592	T	54.55	6
0	28	593	A	64.29	9
0	28	593	G	35.71	5
0	28	599	AT	50.00	3
0	28	599	GC	50.00	3
0	28	614	G	50.00	3
0	28	614	T	50.00	3
0	28	615	A	50.00	3
0	28	615	G	50.00	3
0	28	618	GC	49.26	232
0	28	618	TC	15.50	73
0	28	618	TG	35.24	166
0	28	624	AG	16.67	3
0	28	624	AT	38.89	7
0	28	624	GG	16.67	3
0	28	624	GT	27.78	5
0	28	626	CCCT	4.76	23
0	28	626	CCGT	23.19	112
0	28	626	CGCT	4.55	22
0	28	626	GGCA	51.35	248
0	28	626	GGCT	16.15	78
0	28	631	C	53.85	7
0	28	631	T	46.15	6
0	28	634	C	35.29	12
0	28	634	T	64.71	22
0	28	649	CA	24.44	22
0	28	649	CG	40.00	36
0	28	649	TA	35.56	32
0	28	666	A	54.55	6
0	28	666	G	45.45	5
0	28	668	C	25.00	4
0	28	668	T	75.00	12
0	28	690	CA	19.23	10
0	28	690	CC	25.00	13
0	28	690	GA	53.85	28
0	28	699	C	74.47	35
0	28	699	T	25.53	12
0	28	706	G	70.00	7
0	28	706	T	30.00	3
0	28	725	CAGATG	4.84	3
0	28	725	CAGCTG	12.90	8
0	28	725	CATATG	29.03	18
0	28	725	GAGCAG	11.29	7
0	28	725	GAGCAT	4.84	3
0	28	725	GAGCTG	4.84	3
0	28	725	GTGCAT	27.42	17
0	28	731	C	77.98	85
0	28	731	T	22.02	24
0	28	733	A	34.62	9
0	28	733	G	65.38	17
0	28	738	AG	55.56	10
0	28	738	GC	44.44	8
0	28	748	A	61.40	35
0	28	748	G	38.60	22
0	28	761	CC	25.00	3
0	28	761	CT	8.33	1
0	28	761	GC	8.33	1
0	28	761	GT	58.33	7
0	28	768	CA	26.32	5
0	28	768	GA	10.53	2
0	28	768	GC	63.16	12
0	28	772	C	46.15	6
0	28	772	G	38.46	5
0	28	780	CC	25.00	9
0	28	780	CT	47.22	17
0	28	780	TC	13.89	5
0	28	780	TT	13.89	5
0	28	789	CC	43.75	21
0	28	789	CT	29.17	14
0	28	789	TT	27.08	13
0	28	792	C	45.00	18
0	28	792	T	55.00	22
0	28	804	CTC	27.27	3
0	28	804	TGG	18.18	2
0	28	804	TTC	27.27	3
0	28	804	TTG	18.18	2
0	28	812	C	66.67	6
0	28	812	G	33.33	3
0	28	816	ATT	40.00	2
0	28	816	CCG	60.00	3
0	28	818	G	61.90	13
0	28	818	T	38.10	8
0	28	820	A	43.75	7
0	28	820	G	56.25	9
0	28	833	A	50.00	9
0	28	833	G	50.00	9
0	28	848	C	58.33	14
0	28	848	T	33.33	8
0	28	857	A	52.38	11
0	28	857	G	47.62	10
0	28	862	C	35.71	5
0	28	862	T	64.29	9
0	28	864	AA	62.50	10
0	28	864	CA	6.25	1
0	28	864	CG	31.25	5
0	28	865	ACA	27.78	5
0	28	865	ATA	27.78	5
0	28	865	CTG	44.44	8
0	28	867	AG	41.94	26
0	28	867	CC	58.06	36
0	28	875	A	60.00	6
0	28	875	G	40.00	4
0	28	877	C	53.33	32
0	28	877	T	46.67	28
0	28	879	CAAA	47.17	50
0	28	879	CAAC	12.26	13
0	28	879	CACC	19.81	21
0	28	879	TTAC	20.75	22
0	28	885	GG	37.84	14
0	28	885	TT	62.16	23
0	28	894	CGC	11.11	2
0	28	894	CTG	27.78	5
0	28	894	GGC	55.56	10
0	28	896	AGA	12.50	2
0	28	896	AGC	6.25	1
0	28	896	ATA	25.00	4
0	28	896	GGA	12.50	2
0	28	896	GGC	18.75	3
0	28	896	GTA	6.25	1
0	28	896	GTC	12.50	2
0	28	898	C	27.45	56
0	28	898	T	72.55	148
0	28	899	ACG	11.76	2
0	28	899	ATG	17.65	3
0	28	899	GCA	17.65	3
0	28	899	GCG	23.53	4
0	28	899	GTA	23.53	4
0	28	899	GTG	5.88	1
0	28	901	CTCA	32.26	10
0	28	901	CTGC	29.03	9
0	28	901	TCGC	38.71	12
0	28	905	C	44.44	24
0	28	905	T	55.56	30
0	28	907	C	64.60	104
0	28	907	G	35.40	57
0	28	909	A	46.15	6
0	28	909	G	53.85	7
0	28	911	A	30.77	4
0	28	911	G	69.23	9
0	28	912	GC	19.05	4
0	28	912	GT	47.62	10
0	28	912	TC	33.33	7
0	28	929	A	31.58	6
0	28	929	G	68.42	13
0	28	937	A	26.09	6
0	28	937	G	73.91	17
0	28	952	CT	33.33	4
0	28	952	GC	66.67	8
0	28	963	AGA	42.86	18
0	28	963	GAC	30.95	13
0	28	963	GGA	26.19	11
0	28	965	AA	60.00	6
0	28	965	AG	10.00	1
0	28	965	CG	30.00	3
0	28	969	CC	38.10	8
0	28	969	GT	61.90	13
0	28	976	AG	42.86	6
0	28	976	TA	57.14	8
0	28	982	CC	40.00	8
0	28	982	CT	30.00	6
0	28	982	TC	30.00	6
0	28	983	A	60.00	9
0	28	983	G	40.00	6
0	28	984	AA	37.50	21
0	28	984	GA	39.29	22
0	28	984	GG	23.21	13
0	28	986	C	70.59	12
0	28	986	T	29.41	5
0	28	993	AC	39.47	15
0	28	993	GC	5.26	2
0	28	993	GT	55.26	21
0	28	998	A	53.52	38
0	28	998	T	45.07	32
0	28	1035	A	55.00	11
0	28	1035	T	45.00	9
0	28	1037	ATAG	28.57	4
0	28	1037	ATGA	28.57	4
0	28	1037	GCGA	42.86	6
0	28	1043	A	27.27	3
0	28	1043	G	72.73	8
0	28	1069	AA	18.56	18
0	28	1069	AG	14.43	14
0	28	1069	TA	18.56	18
0	28	1069	TG	48.45	47
0	28	1090	G	60.00	6
0	28	1090	T	40.00	4
0	28	1092	G	37.21	16
0	28	1092	T	62.79	27
0	28	1098	CAC	13.04	3
0	28	1098	CGC	8.70	2
0	28	1098	CGT	39.13	9
0	28	1098	TAT	13.04	3
0	28	1098	TGC	26.09	6
0	28	1104	A	26.67	4
0	28	1104	G	73.33	11
0	28	1105	G	35.00	7
0	28	1105	T	65.00	13
0	28	1112	A	50.00	13
0	28	1112	G	50.00	13
0	28	1113	GC	38.00	19
0	28	1113	TC	22.00	11
0	28	1113	TT	40.00	20
0	28	1117	G	66.67	10
0	28	1117	T	33.33	5
0	28	1123	C	55.93	66
0	28	1123	G	44.07	52
0	28	1128	A	69.05	29
0	28	1128	G	30.95	13
0	28	1130	GC	18.75	3
0	28	1130	GT	50.00	8
0	28	1130	TC	31.25	5
0	28	1131	A	60.00	9
0	28	1131	G	40.00	6
0	28	1138	C	40.00	2
0	28	1138	G	60.00	3
0	28	1139	A	53.19	25
0	28	1139	G	46.81	22
0	28	1141	A	55.56	25
0	28	1141	T	42.22	19
0	28	1156	AT	46.67	7
0	28	1156	CA	53.33	8
0	28	1158	CG	50.00	5
0	28	1158	CT	20.00	2
0	28	1158	TG	20.00	2
0	28	1158	TT	10.00	1
0	28	1164	C	33.33	3
0	28	1164	G	66.67	6
0	28	1170	A	69.23	9
0	28	1170	T	30.77	4
0	28	1173	A	48.00	12
0	28	1173	T	52.00	13
0	28	1200	C	67.86	19
0	28	1200	T	32.14	9
0	28	1206	C	70.00	14
0	28	1206	T	30.00	6
0	28	1213	C	33.33	3
0	28	1213	T	66.67	6
0	28	1215	AAT	63.64	7
0	28	1215	CCG	36.36	4
0	28	1217	C	40.91	9
0	28	1217	G	59.09	13
0	28	1218	A	66.67	8
0	28	1218	C	33.33	4
0	28	1219	A	56.25	18
0	28	1219	G	43.75	14
0	28	1220	AA	6.67	1
0	28	1220	AG	66.67	10
0	28	1220	GA	26.67	4
0	28	1233	A	80.18	174
0	28	1233	C	19.82	43
0	28	1235	A	40.00	2
0	28	1235	C	60.00	3
0	28	1236	A	60.00	6
0	28	1236	G	40.00	4
0	28	1241	AT	59.46	22
0	28	1241	CC	37.84	14
0	28	1241	CT	2.70	1
0	28	1245	CC	70.00	7
0	28	1245	TT	30.00	3
0	28	1251	C	25.00	4
0	28	1251	G	75.00	12
0	28	1252	A	38.18	21
0	28	1252	T	61.82	34
0	28	1275	AC	33.33	3
0	28	1275	GA	66.67	6
0	28	1287	CCC	9.38	6
0	28	1287	CCT	7.81	5
0	28	1287	CTC	15.62	10
0	28	1287	CTT	23.44	15
0	28	1287	TCC	20.31	13
0	28	1287	TTC	23.44	15
0	28	1290	AAC	28.57	4
0	28	1290	CAT	21.43	3
0	28	1290	CGT	50.00	7
0	28	1295	C	71.43	10
0	28	1295	T	28.57	4
0	28	1296	GG	56.25	9
0	28	1296	TA	43.75	7
0	28	1298	CA	26.53	13
0	28	1298	CC	12.24	6
0	28	1298	TA	30.61	15
0	28	1298	TC	16.33	8
0	28	1326	GC	28.57	4
0	28	1326	TC	42.86	6
0	28	1326	TG	28.57	4
0	28	1331	C	52.94	9
0	28	1331	T	47.06	8
0	28	1336	A	70.59	12
0	28	1336	G	29.41	5
0	28	1337	CA	66.67	16
0	28	1337	TG	33.33	8
0	28	1356	C	57.89	11
0	28	1356	G	42.11	8
0	28	1364	C	71.88	69
0	28	1364	G	28.12	27
0	28	1374	A	73.33	11
0	28	1374	C	26.67	4
0	28	1375	AA	50.00	10
0	28	1375	GG	50.00	10
0	28	1376	C	60.00	6
0	28	1376	G	40.00	4
0	28	1381	CA	50.00	19
0	28	1381	CC	21.05	8
0	28	1381	TA	28.95	11
0	28	1383	A	58.33	7
0	28	1383	G	41.67	5
0	28	1393	C	37.50	3
0	28	1393	G	62.50	5
0	28	1401	CA	45.97	57
0	28	1401	CG	10.48	13
0	28	1401	TA	9.68	12
0	28	1401	TG	33.87	42
0	28	1409	CG	38.46	5
0	28	1409	CT	30.77	4
0	28	1409	TT	30.77	4
0	28	1414	AAAA	34.57	65
0	28	1414	AATA	19.15	36
0	28	1414	AATT	1.60	3
0	28	1414	ATTT	21.28	40
0	28	1414	GATT	15.43	29
0	28	1425	CG	55.56	5
0	28	1425	TA	44.44	4
0	28	1429	A	79.07	34
0	28	1429	T	20.93	9
0	28	1440	A	58.82	10
0	28	1440	G	41.18	7
0	28	1448	G	50.00	5
0	28	1448	T	40.00	4
0	28	1452	CC	31.11	14
0	28	1452	CT	28.89	13
0	28	1452	TC	24.44	11
0	28	1452	TT	15.56	7
0	28	1454	AG	61.54	8
0	28	1454	AT	7.69	1
0	28	1454	GT	30.77	4
0	28	1466	CA	43.39	105
0	28	1466	GA	2.48	6
0	28	1466	GC	44.21	107
0	28	1473	CA	18.75	3
0	28	1473	CC	56.25	9
0	28	1473	TA	18.75	3
0	28	1473	TC	6.25	1
0	28	1483	C	58.82	10
0	28	1483	G	41.18	7
0	28	1492	ATC	42.86	15
0	28	1492	TGC	8.57	3
0	28	1492	TGT	34.29	12
0	28	1492	TTT	11.43	4
0	28	1509	C	50.00	3
0	28	1509	G	50.00	3
0	28	1514	C	70.77	46
0	28	1514	G	27.69	18
0	28	1524	A	64.29	9
0	28	1524	G	35.71	5
0	28	1530	A	48.00	12
0	28	1530	G	52.00	13
0	28	1537	A	72.73	8
0	28	1537	T	27.27	3
0	28	1541	GC	57.14	4
0	28	1541	TT	42.86	3
0	28	1554	ATCT	32.84	22
0	28	1554	ATTT	2.99	2
0	28	1554	GCTA	35.82	24
0	28	1554	GTTT	28.36	19
0	28	1555	CCT	20.31	13
0	28	1555	CTG	51.56	33
0	28	1555	TTG	28.12	18
0	28	1561	A	61.54	16
0	28	1561	G	38.46	10
0	28	1563	C	29.41	5
0	28	1563	T	70.59	12
0	28	1573	A	38.10	8
0	28	1573	C	61.90	13
0	28	1581	CGC	14.29	5
0	28	1581	CGG	31.43	11
0	28	1581	CTG	5.71	2
0	28	1581	TGC	8.57	3
0	28	1581	TTG	40.00	14
0	28	1584	C	50.00	9
0	28	1584	T	50.00	9
0	28	1601	ACA	34.62	9
0	28	1601	ACG	7.69	2
0	28	1601	AGA	34.62	9
0	28	1601	GCA	7.69	2
0	28	1601	GCG	15.38	4
0	28	1605	AT	58.82	10
0	28	1605	CC	41.18	7
0	28	1612	AA	9.09	1
0	28	1612	AG	27.27	3
0	28	1612	GA	63.64	7
0	28	1615	CG	60.00	6
0	28	1615	TA	40.00	4
0	28	1616	A	50.00	3
0	28	1616	C	50.00	3
0	28	1620	C	28.57	8
0	28	1620	T	71.43	20
0	28	1623	G	68.75	33
0	28	1623	T	29.17	14
0	28	1624	G	42.86	6
0	28	1624	T	57.14	8
0	28	1626	AT	54.55	6
0	28	1626	GC	45.45	5
0	28	1628	C	62.50	5
0	28	1628	T	37.50	3
0	28	1629	C	40.00	8
0	28	1629	T	55.00	11
0	28	1630	GG	22.22	2
0	28	1630	GT	33.33	3
0	28	1630	TG	22.22	2
0	28	1630	TT	22.22	2
0	28	1637	GCC	40.00	2
0	28	1637	TTT	60.00	3
0	28	1640	AGT	44.44	4
0	28	1640	GCC	33.33	3
0	28	1640	GCT	22.22	2
0	28	1642	C	30.00	6
0	28	1642	T	70.00	14
0	28	1647	C	53.85	21
0	28	1647	T	46.15	18
0	28	1658	A	27.91	24
0	28	1658	G	72.09	62
0	28	1663	GCGCC	11.54	6
0	28	1663	GCGGT	36.54	19
0	28	1663	GTGCC	23.08	12
0	28	1663	TCACC	28.85	15
0	28	1674	A	66.67	12
0	28	1674	G	33.33	6
0	28	1676	A	35.29	6
0	28	1676	T	64.71	11
0	28	1687	C	62.50	5
0	28	1687	T	37.50	3
0	28	1691	A	62.50	5
0	28	1691	C	37.50	3
0	28	1712	ACC	40.00	4
0	28	1712	TTA	60.00	6
0	28	1723	G	57.14	8
0	28	1723	T	42.86	6
0	28	1736	G	33.33	4
0	28	1736	T	66.67	8
0	28	1740	G	50.00	8
0	28	1740	T	50.00	8
0	28	1745	C	30.00	3
0	28	1745	T	70.00	7
0	28	1751	GC	7.69	2
0	28	1751	GG	65.38	17
0	28	1751	TC	26.92	7
0	28	1755	CA	42.86	6
0	28	1755	CG	7.14	1
0	28	1755	TA	28.57	4
0	28	1755	TG	21.43	3
0	28	1757	AA	40.00	2
0	28	1757	GG	60.00	3
0	28	1759	GCG	5.56	2
0	28	1759	GCT	2.78	1
0	28	1759	GGG	8.33	3
0	28	1759	GGT	25.00	9
0	28	1759	TCG	13.89	5
0	28	1759	TCT	38.89	14
0	28	1761	AG	71.93	41
0	28	1761	GA	28.07	16
0	28	1767	A	52.17	12
0	28	1767	C	47.83	11
0	28	1770	G	35.71	5
0	28	1770	T	64.29	9
0	28	1783	C	76.00	19
0	28	1783	T	24.00	6
0	28	1796	A	42.86	3
0	28	1796	T	57.14	4
0	28	1806	CCC	42.86	3
0	28	1806	TCC	14.29	1
0	28	1806	TTT	42.86	3
0	28	1814	G	55.56	5
0	28	1814	T	44.44	4
0	28	1824	GT	59.09	13
0	28	1824	TC	40.91	9
0	28	1826	A	35.00	7
0	28	1826	T	65.00	13
0	28	1827	G	46.67	14
0	28	1827	T	53.33	16
0	28	1849	A	61.54	8
0	28	1849	C	38.46	5
0	28	1850	CCG	14.29	6
0	28	1850	CGA	23.81	10
0	28	1850	TCG	16.67	7
0	28	1850	TGA	45.24	19
0	28	1854	A	60.00	3
0	28	1854	T	40.00	2
0	28	1856	C	74.19	46
0	28	1856	T	25.81	16
0	28	1861	CG	65.22	15
0	28	1861	GC	30.43	7
0	28	1862	A	30.00	3
0	28	1862	G	70.00	7
0	28	1870	C	70.00	7
0	28	1870	T	30.00	3
0	28	1873	C	33.33	3
0	28	1873	T	66.67	6
0	28	1878	C	62.50	5
0	28	1878	T	37.50	3
0	28	1885	C	33.33	3
0	28	1885	T	66.67	6
0	28	1889	C	52.94	9
0	28	1889	T	47.06	8
0	28	1892	CCC	3.85	1
0	28	1892	CTC	23.08	6
0	28	1892	CTT	7.69	2
0	28	1892	TCC	42.31	11
0	28	1892	TTC	3.85	1
0	28	1892	TTT	19.23	5
0	28	1893	C	50.00	3
0	28	1893	G	50.00	3
0	28	1894	G	41.67	5
0	28	1894	T	58.33	7
0	28	1914	CC	31.25	5
0	28	1914	CG	18.75	3
0	28	1914	TC	31.25	5
0	28	1914	TG	12.50	2
0	28	1918	CCTA	7.69	1
0	28	1918	CCTG	23.08	3
0	28	1918	CTCA	7.69	1
0	28	1918	CTTG	7.69	1
0	28	1918	TTCA	23.08	3
0	28	1918	TTCG	30.77	4
0	28	1922	AA	57.89	11
0	28	1922	GA	5.26	1
0	28	1922	GG	36.84	7
0	28	1955	C	67.31	35
0	28	1955	T	32.69	17
0	28	1963	GTA	27.27	6
0	28	1963	TAA	27.27	6
0	28	1963	TAG	45.45	10
0	28	1964	AT	24.32	9
0	28	1964	GC	37.84	14
0	28	1964	GT	37.84	14
0	28	1985	G	50.00	3
0	28	1985	T	50.00	3
0	28	1986	A	73.68	98
0	28	1986	T	26.32	35
0	28	1993	CA	46.15	24
0	28	1993	TA	28.85	15
0	28	1993	TG	25.00	13
0	28	2001	G	63.16	12
0	28	2001	T	36.84	7
0	28	2006	C	51.52	17
0	28	2006	T	48.48	16
0	28	2020	G	36.36	4
0	28	2020	T	63.64	7
0	28	2030	AAAT	39.02	16
0	28	2030	AGAG	31.71	13
0	28	2030	GGTG	29.27	12
0	28	2031	A	27.27	3
0	28	2031	T	72.73	8
0	28	2044	A	40.00	4
0	28	2044	G	60.00	6
0	28	2054	A	68.75	11
0	28	2054	G	31.25	5
0	28	2060	A	42.11	8
0	28	2060	G	57.89	11
0	28	2065	CA	55.56	10
0	28	2065	TC	44.44	8
0	28	2069	A	66.67	6
0	28	2069	C	33.33	3
0	28	2074	CTGG	27.65	60
0	28	2074	TGCC	27.19	59
0	28	2074	TGCG	10.60	23
0	28	2074	TGGC	5.07	11
0	28	2074	TGGG	12.44	27
0	28	2074	TTGG	6.91	15
0	28	2075	A	71.43	10
0	28	2075	G	28.57	4
0	28	2085	CCGA	8.51	4
0	28	2085	CCGC	38.30	18
0	28	2085	GAGA	23.40	11
0	28	2085	GATA	29.79	14
0	28	2098	AC	37.06	53
0	28	2098	AT	22.38	32
0	28	2098	GC	33.57	48
0	28	2104	AA	18.52	5
0	28	2104	AT	51.85	14
0	28	2104	CA	29.63	8
0	28	2127	G	52.94	9
0	28	2127	T	47.06	8
0	28	2131	G	64.71	11
0	28	2131	T	35.29	6
0	28	2132	C	65.38	17
0	28	2132	G	34.62	9
0	28	2136	AAT	2.74	2
0	28	2136	ACT	56.16	41
0	28	2136	TAA	27.40	20
0	28	2136	TCT	9.59	7
0	28	2141	CT	30.43	7
0	28	2141	GG	69.57	16
0	28	2143	ATA	22.73	10
0	28	2143	ATT	40.91	18
0	28	2143	TGA	36.36	16
0	28	2158	AA	46.67	7
0	28	2158	CT	53.33	8
0	28	2163	A	57.81	37
0	28	2163	G	42.19	27
0	28	2169	AC	54.35	50
0	28	2169	GC	20.65	19
0	28	2169	GG	25.00	23
0	28	2172	CCC	52.63	10
0	28	2172	TAT	47.37	9
0	28	2178	A	50.00	6
0	28	2178	G	50.00	6
0	28	2188	A	45.00	9
0	28	2188	G	55.00	11
0	28	2191	C	26.92	7
0	28	2191	T	73.08	19
0	28	2207	A	62.50	5
0	28	2207	G	37.50	3
0	28	2208	CGC	31.71	26
0	28	2208	CGG	28.05	23
0	28	2208	TAG	21.95	18
0	28	2208	TGG	18.29	15
0	28	2218	G	68.18	15
0	28	2218	T	31.82	7
0	28	2238	AGG	59.62	31
0	28	2238	ATC	17.31	9
0	28	2238	GTC	23.08	12
0	28	2248	C	55.56	10
0	28	2248	T	44.44	8
0	28	2251	A	53.57	15
0	28	2251	C	46.43	13
0	28	2254	C	25.00	4
0	28	2254	T	75.00	12
0	28	2260	GCCTTC	8.77	5
0	28	2260	GCCTTT	29.82	17
0	28	2260	TCCCCC	12.28	7
0	28	2260	TCCTTC	14.04	8
0	28	2260	TTTCCC	35.09	20
0	28	2266	A	27.27	3
0	28	2266	T	72.73	8
0	28	2271	AA	28.21	22
0	28	2271	AC	46.15	36
0	28	2271	TC	25.64	20
0	28	2275	C	55.00	11
0	28	2275	T	45.00	9
0	28	2286	A	50.00	8
0	28	2286	T	43.75	7
0	28	2291	A	72.73	16
0	28	2291	C	27.27	6
0	28	2293	C	27.78	5
0	28	2293	T	72.22	13
0	28	2296	A	48.28	14
0	28	2296	G	51.72	15
0	28	2303	A	75.00	18
0	28	2303	G	25.00	6
0	28	2306	CG	21.43	3
0	28	2306	CT	50.00	7
0	28	2306	TG	28.57	4
0	28	2308	CG	65.38	17
0	28	2308	TT	34.62	9
0	28	2310	AG	50.00	52
0	28	2310	GT	50.00	52
0	28	2313	CC	5.56	1
0	28	2313	CT	22.22	4
0	28	2313	TC	66.67	12
0	28	2313	TT	5.56	1
0	28	2316	C	66.67	6
0	28	2316	T	33.33	3
0	28	2318	A	57.14	8
0	28	2318	G	42.86	6
0	28	2320	A	48.28	14
0	28	2320	C	51.72	15
0	28	2327	ACA	29.41	5
0	28	2327	CTA	41.18	7
0	28	2327	CTG	29.41	5
0	28	2328	C	38.89	7
0	28	2328	G	61.11	11
0	28	2331	C	57.14	12
0	28	2331	T	42.86	9
0	28	2340	A	50.00	5
0	28	2340	T	50.00	5
0	28	2341	AT	36.47	31
0	28	2341	TC	62.35	53
0	28	2341	TT	1.18	1
0	28	2344	C	30.00	3
0	28	2344	T	70.00	7
0	28	2349	CC	44.44	4
0	28	2349	CT	22.22	2
0	28	2349	TC	11.11	1
0	28	2349	TT	22.22	2
0	28	2361	C	66.67	8
0	28	2361	T	33.33	4
0	28	2373	GCA	19.63	42
0	28	2373	GTA	25.23	54
0	28	2373	TCG	24.77	53
0	28	2373	TTG	16.82	36
0	28	2374	A	58.33	7
0	28	2374	G	41.67	5
0	28	2378	CC	25.00	4
0	28	2378	CG	18.75	3
0	28	2378	TC	18.75	3
0	28	2378	TG	37.50	6
0	28	2380	AA	38.24	13
0	28	2380	GG	61.76	21
0	28	2383	CT	42.86	15
0	28	2383	TC	57.14	20
0	28	2395	C	57.14	4
0	28	2395	T	42.86	3
0	28	2403	AAA	36.00	9
0	28	2403	AGA	32.00	8
0	28	2403	TGC	32.00	8
0	28	2429	CAA	35.00	7
0	28	2429	CAT	15.00	3
0	28	2429	CCT	20.00	4
0	28	2429	TCT	25.00	5
0	28	2452	A	33.33	8
0	28	2452	G	66.67	16
0	28	2464	C	37.50	9
0	28	2464	T	62.50	15
0	28	2487	A	50.00	12
0	28	2487	T	50.00	12
0	28	2490	A	33.33	5
0	28	2490	T	66.67	10
0	28	2517	CT	30.56	11
0	28	2517	GG	22.22	8
0	28	2517	GT	47.22	17
0	28	2518	CC	47.83	22
0	28	2518	GC	26.09	12
0	28	2518	GG	26.09	12
0	28	2519	CTT	45.24	19
0	28	2519	TCA	30.95	13
0	28	2519	TCT	23.81	10
0	28	2526	A	31.58	6
0	28	2526	G	68.42	13
0	28	2527	A	64.71	11
0	28	2527	G	35.29	6
0	28	2536	A	42.86	3
0	28	2536	C	57.14	4
0	28	2546	A	50.00	6
0	28	2546	G	50.00	6
0	28	2552	GG	40.00	4
0	28	2552	TA	60.00	6
0	28	2554	CAT	23.47	23
0	28	2554	CTC	19.39	19
0	28	2554	CTT	22.45	22
0	28	2554	GTC	34.69	34
0	28	2555	C	57.14	4
0	28	2555	T	42.86	3
0	28	2557	CA	40.00	4
0	28	2557	CG	30.00	3
0	28	2557	TG	30.00	3
0	28	2558	AAA	60.00	6
0	28	2558	TTA	10.00	1
0	28	2558	TTG	30.00	3
0	28	2565	CC	60.00	12
0	28	2565	TT	40.00	8
0	28	2579	GTG	37.31	25
0	28	2579	TCC	25.37	17
0	28	2579	TCG	37.31	25
0	28	2585	A	44.44	4
0	28	2585	G	55.56	5
0	28	2590	AC	44.92	106
0	28	2590	GT	55.08	130
0	28	2591	GGAC	5.26	1
0	28	2591	GGGG	10.53	2
0	28	2591	GTAC	31.58	6
0	28	2591	GTAG	5.26	1
0	28	2591	GTGC	5.26	1
0	28	2591	GTGG	5.26	1
0	28	2591	TGAG	10.53	2
0	28	2591	TTAC	21.05	4
0	28	2591	TTGC	5.26	1
0	28	2593	C	66.67	6
0	28	2593	T	33.33	3
0	28	2594	AC	50.32	157
0	28	2594	AT	5.45	17
0	28	2594	GT	44.23	138
0	28	2600	A	70.00	14
0	28	2600	G	30.00	6
0	28	2611	A	50.00	6
0	28	2611	G	50.00	6
0	28	2616	A	27.27	6
0	28	2616	C	72.73	16
0	28	2617	AA	50.00	15
0	28	2617	CA	20.00	6
0	28	2617	CT	30.00	9
0	28	2621	CA	51.52	17
0	28	2621	CC	3.03	1
0	28	2621	TC	45.45	15
0	28	2625	A	44.44	8
0	28	2625	G	55.56	10
0	28	2630	ATG	70.59	12
0	28	2630	CCA	29.41	5
0	28	2635	A	26.09	6
0	28	2635	C	73.91	17
0	28	2639	AG	45.45	5
0	28	2639	GA	54.55	6
0	28	2650	CTA	56.00	14
0	28	2650	GCG	32.00	8
0	28	2650	GTG	8.00	2
0	28	2651	AG	21.05	4
0	28	2651	AT	42.11	8
0	28	2651	GG	31.58	6
0	28	2651	GT	5.26	1
0	28	2658	CC	50.00	3
0	28	2658	GA	50.00	3
0	28	2669	A	50.00	5
0	28	2669	G	50.00	5
0	28	2671	A	52.63	10
0	28	2671	C	47.37	9
0	28	2676	C	61.11	11
0	28	2676	T	38.89	7
0	28	2681	AC	67.39	31
0	28	2681	CT	32.61	15
0	28	2682	C	34.67	26
0	28	2682	T	65.33	49
0	28	2687	CT	50.00	3
0	28	2687	GG	50.00	3
0	28	2689	C	28.05	46
0	28	2689	T	71.95	118
0	28	2694	C	45.45	25
0	28	2694	G	54.55	30
0	28	2699	ACC	30.00	3
0	28	2699	ATT	30.00	3
0	28	2699	GCC	20.00	2
0	28	2699	GCT	10.00	1
0	28	2709	C	40.00	4
0	28	2709	T	60.00	6
0	28	2713	A	29.21	26
0	28	2713	C	70.79	63
0	28	2725	A	50.00	13
0	28	2725	T	50.00	13
0	28	2730	ATG	35.09	20
0	28	2730	TCA	36.84	21
0	28	2730	TCG	28.07	16
0	28	2747	A	30.00	3
0	28	2747	G	70.00	7
0	28	2764	ATA	61.54	16
0	28	2764	GGG	34.62	9
0	28	2764	GTG	3.85	1
0	28	2773	AAG	66.67	6
0	28	2773	TGA	33.33	3
0	28	2777	C	33.33	5
0	28	2777	T	66.67	10
0	28	2793	AAC	46.15	6
0	28	2793	ACT	7.69	1
0	28	2793	CAT	7.69	1
0	28	2793	CCC	7.69	1
0	28	2793	CCT	23.08	3
0	28	2801	C	57.14	4
0	28	2801	G	42.86	3
0	28	2808	A	69.57	48
0	28	2808	G	30.43	21
0	28	2817	A	59.09	13
0	28	2817	G	40.91	9
0	28	2823	C	60.47	26
0	28	2823	T	39.53	17
0	28	2837	C	37.50	3
0	28	2837	G	62.50	5
0	28	2838	A	63.64	7
0	28	2838	G	36.36	4
0	28	2839	CAA	13.21	7
0	28	2839	CAG	15.09	8
0	28	2839	CGA	20.75	11
0	28	2839	CGG	1.89	1
0	28	2839	TAG	39.62	21
0	28	2839	TGA	5.66	3
0	28	2839	TGG	1.89	1
0	28	2842	A	76.92	20
0	28	2842	G	23.08	6
0	28	2851	CC	58.62	17
0	28	2851	TT	41.38	12
0	28	2853	C	38.89	7
0	28	2853	T	61.11	11
0	28	2854	AC	50.00	9
0	28	2854	GC	5.56	1
0	28	2854	GG	44.44	8
0	28	2864	AA	40.00	2
0	28	2864	GG	60.00	3
0	28	2877	A	50.00	15
0	28	2877	T	50.00	15
0	28	2880	C	72.73	16
0	28	2880	T	27.27	6
0	28	2881	C	53.85	14
0	28	2881	G	46.15	12
0	28	2884	CAAC	9.24	11
0	28	2884	CAGC	21.85	26
0	28	2884	CGGC	27.73	33
0	28	2884	TAAA	27.73	33
0	28	2884	TAGC	13.45	16
0	28	2887	CT	27.27	6
0	28	2887	GC	45.45	10
0	28	2887	GT	27.27	6
0	28	2890	C	63.16	12
0	28	2890	T	36.84	7
0	28	2893	G	72.60	53
0	28	2893	T	27.40	20
0	28	2905	AT	29.41	10
0	28	2905	CC	70.59	24
0	28	2906	C	61.54	8
0	28	2906	T	38.46	5
0	28	2910	G	33.33	3
0	28	2910	T	66.67	6
0	28	2918	A	52.94	9
0	28	2918	G	47.06	8
0	28	2949	AC	47.06	16
0	28	2949	GT	52.94	18
0	28	2953	AG	66.67	8
0	28	2953	TC	33.33	4
0	28	2956	C	40.00	6
0	28	2956	T	60.00	9
0	28	2980	CAAC	20.44	37
0	28	2980	TAAA	2.21	4
0	28	2980	TAGA	43.65	79
0	28	2980	TTGA	33.70	61
0	28	2985	AC	35.29	6
0	28	2985	TT	64.71	11
0	28	2991	C	57.14	12
0	28	2991	T	42.86	9
0	28	2992	CG	47.62	10
0	28	2992	TA	52.38	11
0	28	2993	C	44.44	8
0	28	2993	G	55.56	10
0	28	3003	A	48.00	12
0	28	3003	G	52.00	13
0	28	3006	GG	45.45	5
0	28	3006	TT	54.55	6
0	28	3012	CG	54.17	13
0	28	3012	TA	45.83	11
0	28	3018	A	55.56	5
0	28	3018	G	44.44	4
0	28	3033	A	40.00	6
0	28	3033	G	60.00	9
0	28	3069	G	35.00	7
0	28	3069	T	65.00	13
0	28	3082	ACA	19.15	9
0	28	3082	ATA	40.43	19
0	28	3082	CCG	40.43	19
0	28	3101	AC	36.84	7
0	28	3101	GA	42.11	8
0	28	3101	GC	21.05	4
0	28	3111	C	40.00	6
0	28	3111	T	60.00	9
0	28	3113	AG	25.00	4
0	28	3113	GA	75.00	12
0	28	3120	A	36.36	4
0	28	3120	C	63.64	7
0	28	3138	CC	26.67	8
0	28	3138	GA	73.33	22
0	28	3143	A	45.45	10
0	28	3143	T	54.55	12
0	28	3148	C	53.85	14
0	28	3148	T	42.31	11
0	28	3177	ACA	60.42	29
0	28	3177	GCA	14.58	7
0	28	3177	GTC	25.00	12
0	28	3179	ATTTC	40.00	14
0	28	3179	GACAT	22.86	8
0	28	3179	GTCAC	11.43	4
0	28	3179	GTCTC	14.29	5
0	28	3179	GTCTT	11.43	4
0	28	3183	AT	50.00	12
0	28	3183	GC	50.00	12
0	28	3192	A	40.00	4
0	28	3192	G	60.00	6
0	28	3195	GG	54.55	6
0	28	3195	TA	45.45	5
0	28	3196	C	25.00	7
0	28	3196	T	75.00	21
0	28	3202	C	63.64	14
0	28	3202	T	36.36	8
0	28	3206	A	51.72	15
0	28	3206	G	48.28	14
0	28	3224	C	27.03	10
0	28	3224	T	72.97	27
0	28	3225	ACC	21.05	8
0	28	3225	GCT	44.74	17
0	28	3225	GGT	34.21	13
0	28	3227	G	57.69	15
0	28	3227	T	42.31	11
0	28	3238	A	25.00	4
0	28	3238	G	75.00	12
0	28	3245	C	52.94	9
0	28	3245	G	47.06	8
0	28	3247	C	41.18	7
0	28	3247	T	58.82	10
0	28	3256	A	45.45	20
0	28	3256	C	54.55	24
0	28	3277	A	69.23	27
0	28	3277	G	28.21	11
0	28	3280	A	33.33	4
0	28	3280	G	66.67	8
0	28	3296	C	72.22	13
0	28	3296	G	27.78	5
0	28	3301	A	73.68	14
0	28	3301	G	26.32	5
0	28	3304	C	41.67	10
0	28	3304	T	58.33	14
0	28	3308	A	47.22	17
0	28	3308	G	52.78	19
0	28	3335	CA	20.00	5
0	28	3335	CG	32.00	8
0	28	3335	TA	48.00	12
0	28	3343	AGC	26.94	80
0	28	3343	ATC	46.80	139
0	28	3343	CTT	26.26	78
0	28	3357	G	31.25	5
0	28	3357	T	68.75	11
0	28	3369	C	45.45	5
0	28	3369	T	54.55	6
0	28	3370	A	50.00	9
0	28	3370	G	50.00	9
0	28	3382	A	44.44	4
0	28	3382	G	55.56	5
0	28	3389	CA	37.50	9
0	28	3389	TG	62.50	15
0	28	3396	AA	38.10	8
0	28	3396	GG	61.90	13
0	28	3420	C	60.61	20
0	28	3420	G	39.39	13
0	28	3425	A	26.32	10
0	28	3425	G	73.68	28
0	28	3431	A	47.37	9
0	28	3431	G	52.63	10
0	28	3434	C	61.90	13
0	28	3434	T	38.10	8
0	28	3435	G	28.57	4
0	28	3435	T	71.43	10
0	28	3455	C	63.64	7
0	28	3455	T	36.36	4
0	28	3456	C	40.00	2
0	28	3456	T	60.00	3
0	28	3464	G	50.00	7
0	28	3464	T	50.00	7
0	28	3469	C	60.00	6
0	28	3469	G	40.00	4
0	28	3473	GT	47.62	20
0	28	3473	TA	52.38	22
0	28	3479	G	57.14	8
0	28	3479	T	42.86	6
0	28	3484	A	53.85	7
0	28	3484	G	46.15	6
0	28	3490	AG	31.25	10
0	28	3490	GA	68.75	22
0	28	3493	C	39.02	16
0	28	3493	T	60.98	25
0	28	3503	A	54.55	42
0	28	3503	G	45.45	35
0	28	3507	CG	16.13	5
0	28	3507	CT	38.71	12
0	28	3507	GG	45.16	14
0	28	3516	CA	3.45	1
0	28	3516	CG	37.93	11
0	28	3516	GA	55.17	16
0	28	3535	G	45.45	10
0	28	3535	T	54.55	12
0	28	3547	AC	60.00	3
0	28	3547	CA	40.00	2
0	28	3555	CA	63.22	55
0	28	3555	TA	6.90	6
0	28	3555	TC	29.89	26
0	28	3559	A	50.00	3
0	28	3559	G	50.00	3
0	28	3561	C	50.00	3
0	28	3561	T	50.00	3
0	28	3566	AGCC	24.29	17
0	28	3566	GCCA	28.57	20
0	28	3566	GGCA	15.71	11
0	28	3566	GGTA	31.43	22
0	28	3568	A	56.25	9
0	28	3568	G	43.75	7
0	28	3570	CAA	9.09	1
0	28	3570	CAG	36.36	4
0	28	3570	GCA	54.55	6
0	28	3610	A	76.19	16
0	28	3610	G	23.81	5
0	28	3617	C	51.85	14
0	28	3617	T	48.15	13
0	28	3619	AA	47.62	10
0	28	3619	GG	52.38	11
0	28	3636	CT	46.43	26
0	28	3636	TC	41.07	23
0	28	3636	TT	12.50	7
0	28	3642	C	50.00	3
0	28	3642	T	50.00	3
0	28	3647	CA	52.94	9
0	28	3647	TT	47.06	8
0	28	3648	CT	56.52	13
0	28	3648	GC	39.13	9
0	28	3648	GT	4.35	1
0	28	3680	GA	66.67	6
0	28	3680	TG	33.33	3
0	28	3709	G	73.33	11
0	28	3709	T	26.67	4
0	28	3734	C	47.06	16
0	28	3734	T	52.94	18
0	28	3749	A	28.38	21
0	28	3749	G	71.62	53
0	28	3759	C	68.00	17
0	28	3759	T	32.00	8
0	28	3775	ACC	35.71	20
0	28	3775	ATA	33.93	19
0	28	3775	GTC	30.36	17
0	28	3804	A	54.55	24
0	28	3804	G	45.45	20
0	28	3837	AC	45.83	22
0	28	3837	CA	54.17	26
0	28	3839	A	66.67	6
0	28	3839	G	33.33	3
0	28	3842	AGC	7.69	1
0	28	3842	ATC	23.08	3
0	28	3842	ATG	30.77	4
0	28	3842	GGC	23.08	3
0	28	3842	GGG	7.69	1
0	28	3856	A	30.56	11
0	28	3856	G	69.44	25
0	28	3857	CA	37.50	3
0	28	3857	TG	62.50	5
0	28	3858	A	42.86	6
0	28	3858	C	57.14	8
0	28	3859	CAC	32.88	48
0	28	3859	CTC	25.34	37
0	28	3859	TTA	33.56	49
0	28	3859	TTC	8.22	12
0	28	3863	AG	65.12	28
0	28	3863	GT	34.88	15
0	28	3893	A	64.71	11
0	28	3893	T	35.29	6
0	28	3897	AC	25.00	6
0	28	3897	AG	37.50	9
0	28	3897	GG	37.50	9
0	28	3902	C	40.00	8
0	28	3902	T	60.00	12
0	28	3911	A	47.19	42
0	28	3911	G	52.81	47
0	28	3933	AAA	8.40	10
0	28	3933	AAG	32.77	39
0	28	3933	GAA	24.37	29
0	28	3933	GAG	2.52	3
0	28	3933	GGA	31.93	38
0	28	3944	C	40.00	8
0	28	3944	T	60.00	12
0	28	3972	C	68.00	17
0	28	3972	T	32.00	8
0	28	3979	C	60.00	6
0	28	3979	T	40.00	4
0	28	3993	G	76.71	56
0	28	3993	T	23.29	17
0	28	3997	A	36.00	9
0	28	3997	C	64.00	16
0	28	3999	CTTT	40.00	2
0	28	3999	GCCC	60.00	3
0	28	4009	C	26.83	11
0	28	4009	T	70.73	29
0	28	4019	A	63.33	19
0	28	4019	G	36.67	11
0	28	4028	A	48.28	14
0	28	4028	G	51.72	15
0	28	4032	C	53.33	8
0	28	4032	T	46.67	7
0	28	4053	A	44.44	8
0	28	4053	G	55.56	10
0	28	4060	C	50.00	6
0	28	4060	T	50.00	6
0	28	4063	A	56.52	13
0	28	4063	G	43.48	10
0	28	4068	A	69.57	80
0	28	4068	C	30.43	35
0	28	4075	CC	57.14	8
0	28	4075	GG	42.86	6
0	28	4100	AAC	45.45	5
0	28	4100	CTG	54.55	6
0	28	4106	AG	40.00	2
0	28	4106	GT	60.00	3
0	28	4119	AC	17.86	10
0	28	4119	AT	23.21	13
0	28	4119	GC	16.07	9
0	28	4119	GT	42.86	24
0	28	4127	AA	24.18	155
0	28	4127	AC	55.54	356
0	28	4127	TC	20.28	130
0	28	4146	AA	51.61	16
0	28	4146	AT	22.58	7
0	28	4146	GA	25.81	8
0	28	4153	AT	25.93	7
0	28	4153	CG	74.07	20
0	28	4168	CCG	21.43	3
0	28	4168	CTG	21.43	3
0	28	4168	TCA	35.71	5
0	28	4168	TTG	21.43	3
0	28	4180	G	25.00	4
0	28	4180	T	75.00	12
0	28	4191	AT	31.11	14
0	28	4191	GC	68.89	31
0	28	4196	ACC	41.79	28
0	28	4196	ATT	23.88	16
0	28	4196	CCC	32.84	22
0	28	4200	A	27.78	5
0	28	4200	G	72.22	13
0	28	4208	C	40.00	6
0	28	4208	G	60.00	9
0	28	4215	GG	40.00	2
0	28	4215	TT	60.00	3
0	28	4217	C	22.73	5
0	28	4217	T	77.27	17
0	28	4219	CCG	17.05	22
0	28	4219	CTG	26.36	34
0	28	4219	TCA	22.48	29
0	28	4219	TCG	29.46	38
0	28	4221	ACGC	29.27	12
0	28	4221	ATGT	34.15	14
0	28	4221	CCAC	36.59	15
0	28	4222	AT	63.64	7
0	28	4222	GA	36.36	4
0	28	4229	C	55.56	5
0	28	4229	G	44.44	4
0	28	4233	CA	25.00	15
0	28	4233	CG	15.00	9
0	28	4233	TG	60.00	36
0	28	4255	CG	68.75	22
0	28	4255	TT	31.25	10
0	28	4256	AA	61.02	36
0	28	4256	AG	13.56	8
0	28	4256	CA	6.78	4
0	28	4256	CG	18.64	11
0	28	4259	C	55.56	10
0	28	4259	T	44.44	8
0	28	4261	AG	52.94	9
0	28	4261	GA	41.18	7
0	28	4261	GG	5.88	1
0	28	4303	ACG	38.78	19
0	28	4303	GAA	44.90	22
0	28	4303	GCG	16.33	8
0	28	4338	AGA	5.26	1
0	28	4338	AGG	10.53	2
0	28	4338	ATA	10.53	2
0	28	4338	ATG	5.26	1
0	28	4338	TGA	5.26	1
0	28	4338	TGG	47.37	9
0	28	4338	TTA	5.26	1
0	28	4338	TTG	10.53	2
0	28	4367	CCG	49.50	50
0	28	4367	CCT	22.77	23
0	28	4367	TTG	27.72	28
0	28	4372	C	31.25	5
0	28	4372	T	68.75	11
0	28	4382	C	58.82	10
0	28	4382	T	41.18	7
0	28	4389	CT	35.00	7
0	28	4389	TC	30.00	6
0	28	4389	TT	35.00	7
0	28	4398	A	45.45	5
0	28	4398	C	54.55	6
0	28	4403	A	50.00	4
0	28	4403	C	50.00	4
0	28	4421	C	40.00	10
0	28	4421	T	60.00	15
0	28	4422	AC	47.37	9
0	28	4422	CA	52.63	10
0	28	4424	G	42.86	9
0	28	4424	T	57.14	12
0	28	4430	G	73.91	34
0	28	4430	T	26.09	12
0	28	4432	A	33.33	7
0	28	4432	G	66.67	14
0	28	4447	CG	60.00	9
0	28	4447	CT	6.67	1
0	28	4447	TG	13.33	2
0	28	4447	TT	20.00	3
0	28	4451	A	27.78	5
0	28	4451	C	72.22	13
0	28	4454	GA	32.73	18
0	28	4454	GT	18.18	10
0	28	4454	TT	49.09	27
0	28	4476	AG	37.50	3
0	28	4476	TA	50.00	4
0	28	4476	TG	12.50	1
0	28	4477	C	61.90	13
0	28	4477	T	38.10	8
0	28	4479	A	43.48	10
0	28	4479	C	56.52	13
0	28	4480	C	46.67	21
0	28	4480	T	53.33	24
0	28	4495	CC	70.27	26
0	28	4495	CT	2.70	1
0	28	4495	TT	27.03	10
0	28	4525	CCCTG	35.14	26
0	28	4525	GCCCG	12.16	9
0	28	4525	GCTCA	24.32	18
0	28	4525	GTCTG	28.38	21
0	28	4533	AA	32.00	16
0	28	4533	TA	36.00	18
0	28	4533	TC	32.00	16
0	28	4541	GTG	40.00	2
0	28	4541	TCC	60.00	3
0	28	4543	A	53.33	8
0	28	4543	C	46.67	7
0	28	4545	AA	68.33	82
0	28	4545	GA	6.67	8
0	28	4545	GT	25.00	30
0	28	4546	AA	34.62	9
0	28	4546	TT	61.54	16
0	28	4566	A	38.46	5
0	28	4566	G	61.54	8
0	28	4568	C	60.00	3
0	28	4568	G	40.00	2
0	28	4584	CA	33.33	3
0	28	4584	GA	11.11	1
0	28	4584	GC	55.56	5
0	28	4612	A	61.90	13
0	28	4612	G	38.10	8
0	28	4630	A	40.00	8
0	28	4630	T	60.00	12
0	28	4631	ATC	41.67	5
0	28	4631	GCG	41.67	5
0	28	4631	GTC	8.33	1
0	28	4648	AAG	23.40	11
0	28	4648	GAA	53.19	25
0	28	4648	GGA	23.40	11
0	28	4658	CAG	30.77	8
0	28	4658	CTA	11.54	3
0	28	4658	CTG	15.38	4
0	28	4658	GTA	42.31	11
0	28	4667	AAA	66.67	10
0	28	4667	GTT	33.33	5
0	28	4668	G	52.63	10
0	28	4668	T	47.37	9
0	28	4681	A	40.00	2
0	28	4681	C	60.00	3
0	28	4686	A	46.15	6
0	28	4686	T	53.85	7
0	28	4687	A	62.50	15
0	28	4687	C	37.50	9
0	28	4689	AA	58.33	7
0	28	4689	CT	41.67	5
0	28	4692	C	53.85	21
0	28	4692	T	46.15	18
0	28	4694	C	36.00	9
0	28	4694	T	64.00	16
0	28	4710	AT	63.16	12
0	28	4710	TC	36.84	7
0	28	4711	A	58.00	29
0	28	4711	G	42.00	21
0	28	4722	C	52.94	9
0	28	4722	T	47.06	8
0	28	4723	A	66.67	6
0	28	4723	G	33.33	3
0	28	4727	CA	52.27	23
0	28	4727	TC	47.73	21
0	28	4733	AT	47.37	18
0	28	4733	CC	52.63	20
0	28	4734	G	41.67	10
0	28	4734	T	58.33	14
0	28	4745	A	71.43	10
0	28	4745	G	28.57	4
0	28	4757	C	46.67	7
0	28	4757	T	53.33	8
0	28	4762	AGCC	32.61	15
0	28	4762	GGCC	2.17	1
0	28	4762	GGCT	26.09	12
0	28	4762	GGGC	4.35	2
0	28	4762	GTGT	34.78	16
0	28	4769	AATCA	22.22	8
0	28	4769	AGTCA	30.56	11
0	28	4769	GATCG	11.11	4
0	28	4769	GGAGG	22.22	8
0	28	4769	GGTCG	13.89	5
0	28	4775	A	63.64	21
0	28	4775	C	36.36	12
0	28	4795	C	53.33	8
0	28	4795	T	46.67	7
0	28	4824	AT	36.67	11
0	28	4824	TA	63.33	19
0	28	4826	AGC	37.93	22
0	28	4826	GAC	25.86	15
0	28	4826	GGT	36.21	21
0	28	4854	AC	52.75	48
0	28	4854	AG	19.78	18
0	28	4854	TC	27.47	25
0	28	4855	A	40.00	4
0	28	4855	T	60.00	6
0	28	4876	AG	53.85	7
0	28	4876	TC	46.15	6
0	28	4892	CCA	32.00	8
0	28	4892	CTA	4.00	1
0	28	4892	TTG	64.00	16
0	28	4903	A	62.50	10
0	28	4903	T	37.50	6
0	28	4907	AC	33.33	3
0	28	4907	TT	66.67	6
0	28	4911	G	26.67	4
0	28	4911	T	73.33	11
0	28	4926	AC	50.00	3
0	28	4926	CT	50.00	3
0	28	4930	G	40.00	8
0	28	4930	T	60.00	12
0	28	4931	GA	55.56	5
0	28	4931	TC	44.44	4
0	28	4938	A	60.00	3
0	28	4938	G	40.00	2
0	28	4949	C	70.00	7
0	28	4949	T	30.00	3
0	28	4958	AT	66.67	8
0	28	4958	CA	33.33	4
0	28	4959	C	50.00	3
0	28	4959	T	50.00	3
0	28	4961	A	55.17	16
0	28	4961	C	44.83	13
0	28	4964	AG	30.77	4
0	28	4964	AT	15.38	2
0	28	4964	CG	38.46	5
0	28	4964	CT	15.38	2
0	28	4968	CC	14.52	9
0	28	4968	CT	37.10	23
0	28	4968	GC	45.16	28
0	28	4977	CC	13.33	2
0	28	4977	CG	60.00	9
0	28	4977	GC	20.00	3
0	28	4977	GG	6.67	1
0	28	4984	C	44.44	4
0	28	4984	T	55.56	5
0	28	4986	AC	57.14	12
0	28	4986	CT	42.86	9
0	28	4991	AA	51.22	21
0	28	4991	CC	48.78	20
0	28	5010	CG	53.33	16
0	28	5010	TA	46.67	14
0	28	5013	C	34.62	9
0	28	5013	T	65.38	17
0	28	5030	GA	37.50	3
0	28	5030	TG	62.50	5
0	28	5031	CCG	36.67	11
0	28	5031	CTC	3.33	1
0	28	5031	TCC	10.00	3
0	28	5031	TCG	10.00	3
0	28	5031	TTC	20.00	6
0	28	5031	TTG	13.33	4
0	28	5050	A	65.31	32
0	28	5050	G	34.69	17
0	28	5064	A	42.11	8
0	28	5064	T	57.89	11
0	28	5080	A	62.50	5
0	28	5080	T	37.50	3
0	28	5098	A	75.61	31
0	28	5098	G	24.39	10
0	28	5099	CT	54.05	20
0	28	5099	TC	45.95	17
0	28	5112	A	37.50	3
0	28	5112	G	62.50	5
0	28	5116	C	42.86	3
0	28	5116	T	57.14	4
0	28	5120	C	78.64	81
0	28	5120	G	21.36	22
0	28	5125	C	60.00	9
0	28	5125	G	40.00	6
0	28	5127	G	59.09	13
0	28	5127	T	36.36	8
0	28	5137	AA	24.00	12
0	28	5137	GG	76.00	38
0	28	5149	A	33.33	3
0	28	5149	C	66.67	6
0	28	5172	AGG	14.29	1
0	28	5172	ATA	42.86	3
0	28	5172	GGG	28.57	2
0	28	5172	GTG	14.29	1
0	28	5188	A	76.92	20
0	28	5188	G	23.08	6
0	28	5241	CC	23.81	5
0	28	5241	TA	76.19	16
0	28	5262	A	31.58	6
0	28	5262	C	68.42	13
0	28	5290	A	54.55	12
0	28	5290	T	45.45	10
0	28	5291	CT	29.73	11
0	28	5291	TG	70.27	26
0	28	5295	C	56.25	9
0	28	5295	T	43.75	7
0	28	5314	C	79.10	53
0	28	5314	G	20.90	14
0	28	5330	C	35.19	19
0	28	5330	G	57.41	31
0	28	5338	G	52.63	10
0	28	5338	T	47.37	9
0	28	5341	C	50.00	8
0	28	5341	T	50.00	8
0	28	5346	AA	41.18	7
0	28	5346	GC	58.82	10
0	28	5357	A	35.90	14
0	28	5357	C	64.10	25
0	28	5375	GA	31.31	31
0	28	5375	GG	48.48	48
0	28	5375	TA	20.20	20
0	28	5395	C	29.63	8
0	28	5395	T	70.37	19
0	28	5398	A	56.25	9
0	28	5398	G	43.75	7
0	28	5403	A	37.50	6
0	28	5403	G	62.50	10
0	28	5407	C	62.50	20
0	28	5407	T	37.50	12
0	28	5425	A	61.90	13
0	28	5425	G	38.10	8
0	28	5439	C	40.00	2
0	28	5439	T	60.00	3
0	28	5451	AATAG	22.99	20
0	28	5451	CGGAC	10.34	9
0	28	5451	CGGTG	31.03	27
0	28	5451	CGTAC	11.49	10
0	28	5451	CGTAG	24.14	21
0	28	5457	A	45.45	10
0	28	5457	G	54.55	12
0	28	5472	GG	51.22	21
0	28	5472	TT	48.78	20
0	28	5475	AA	44.00	11
0	28	5475	GT	56.00	14
0	28	5486	AG	22.22	14
0	28	5486	AT	9.52	6
0	28	5486	GT	68.25	43
0	28	5528	A	43.18	38
0	28	5528	G	56.82	50
0	28	5540	CA	54.84	17
0	28	5540	TC	45.16	14
0	28	5542	C	47.22	17
0	28	5542	T	52.78	19
0	28	5543	AT	69.57	16
0	28	5543	GC	26.09	6
0	28	5543	GT	4.35	1
0	28	5550	C	48.00	12
0	28	5550	T	52.00	13
0	28	5561	C	41.18	7
0	28	5561	T	58.82	10
0	28	5566	CA	27.66	13
0	28	5566	CG	25.53	12
0	28	5566	TG	46.81	22
0	28	5572	A	43.48	10
0	28	5572	G	56.52	13
0	28	5577	A	48.28	28
0	28	5577	G	51.72	30
0	28	5607	AC	31.58	6
0	28	5607	CT	57.89	11
0	28	5639	A	50.00	3
0	28	5639	G	50.00	3
0	28	5656	CA	56.25	18
0	28	5656	GG	43.75	14
0	28	5670	A	32.10	26
0	28	5670	G	67.90	55
0	28	5676	A	46.15	12
0	28	5676	G	53.85	14
0	28	5681	C	30.77	4
0	28	5681	T	69.23	9
0	28	5755	G	68.75	22
0	28	5755	T	31.25	10
0	28	5766	A	53.85	7
0	28	5766	C	46.15	6
0	28	5778	AT	42.42	14
0	28	5778	GC	57.58	19
0	28	5780	A	63.64	7
0	28	5780	G	36.36	4
0	28	5808	AT	58.82	10
0	28	5808	GC	41.18	7
0	28	5817	G	60.00	3
0	28	5817	T	40.00	2
0	28	5823	A	27.27	3
0	28	5823	T	72.73	8
0	28	5835	A	63.33	19
0	28	5835	C	36.67	11
0	28	5857	A	59.09	13
0	28	5857	G	40.91	9
0	28	5863	CT	33.33	8
0	28	5863	TC	62.50	15
0	28	5863	TT	4.17	1
0	28	5874	A	25.00	7
0	28	5874	G	75.00	21
0	28	5883	C	47.06	8
0	28	5883	T	52.94	9
0	28	5899	A	68.75	11
0	28	5899	G	31.25	5
0	28	5907	CT	37.50	6
0	28	5907	TC	62.50	10
0	28	5928	C	37.50	6
0	28	5928	G	62.50	10
0	28	5936	C	50.00	6
0	28	5936	T	50.00	6
0	28	5951	C	62.50	10
0	28	5951	T	37.50	6
0	28	5963	A	28.00	14
0	28	5963	G	70.00	35
0	28	5967	AT	48.84	21
0	28	5967	TC	51.16	22
0	28	5968	CC	50.00	8
0	28	5968	CT	25.00	4
0	28	5968	GC	25.00	4
0	28	5972	AAC	16.67	5
0	28	5972	ACA	53.33	16
0	28	5972	ACC	3.33	1
0	28	5972	GAC	20.00	6
0	28	5972	GCA	6.67	2
0	28	5974	C	54.55	12
0	28	5974	T	45.45	10
0	28	5997	CA	38.46	15
0	28	5997	CC	33.33	13
0	28	5997	TA	2.56	1
0	28	5997	TC	25.64	10
0	28	6034	CT	42.86	3
0	28	6034	TG	57.14	4
0	28	6036	AT	57.14	8
0	28	6036	GC	42.86	6
0	28	6037	CCA	5.13	2
0	28	6037	CCG	46.15	18
0	28	6037	CGA	2.56	1
0	28	6037	CGG	10.26	4
0	28	6037	TGA	35.90	14
0	28	6100	G	46.15	12
0	28	6100	T	53.85	14
0	28	6114	GA	60.00	3
0	28	6114	TC	40.00	2
0	28	6137	A	45.45	5
0	28	6137	G	54.55	6
0	28	6157	AC	6.67	1
0	28	6157	AT	33.33	5
0	28	6157	GC	53.33	8
0	28	6157	GT	6.67	1
0	28	6164	A	35.71	5
0	28	6164	T	64.29	9
0	28	6168	AA	31.71	13
0	28	6168	GA	43.90	18
0	28	6168	GG	24.39	10
0	28	6173	A	60.00	6
0	28	6173	G	40.00	4
0	28	6174	CC	17.65	6
0	28	6174	CT	44.12	15
0	28	6174	TC	38.24	13
0	28	6187	G	57.14	4
0	28	6187	T	42.86	3
0	28	6191	AG	54.17	13
0	28	6191	GA	45.83	11
0	28	6194	AG	30.77	4
0	28	6194	TA	53.85	7
0	28	6194	TG	15.38	2
0	28	6197	CCAC	16.13	15
0	28	6197	CCGT	15.05	14
0	28	6197	CTGC	31.18	29
0	28	6197	TCAC	21.51	20
0	28	6197	TCGT	16.13	15
0	28	6246	AGGT	32.91	26
0	28	6246	CCAA	26.58	21
0	28	6246	CCGT	40.51	32
0	28	6247	G	33.33	24
0	28	6247	T	66.67	48
0	28	6253	CCC	17.55	33
0	28	6253	CCG	25.00	47
0	28	6253	TCC	37.77	71
0	28	6253	TGC	19.68	37
0	28	6258	CAG	44.44	4
0	28	6258	GAC	11.11	1
0	28	6258	GCC	44.44	4
0	28	6279	G	60.00	3
0	28	6279	T	40.00	2
0	28	6286	CA	4.55	1
0	28	6286	CT	45.45	10
0	28	6286	TA	50.00	11
0	28	6308	CC	20.00	3
0	28	6308	CT	40.00	6
0	28	6308	GC	40.00	6
0	28	6329	A	70.00	7
0	28	6329	G	30.00	3
0	28	6331	A	36.36	4
0	28	6331	G	63.64	7
0	28	6337	A	61.54	8
0	28	6337	C	38.46	5
0	28	6346	CCTC	20.59	14
0	28	6346	CGCC	32.35	22
0	28	6346	CGCT	20.59	14
0	28	6346	TGCC	26.47	18
0	28	6350	AC	2.33	1
0	28	6350	AT	48.84	21
0	28	6350	CC	48.84	21
0	28	6366	ACC	16.67	3
0	28	6366	ATC	16.67	3
0	28	6366	GCC	11.11	2
0	28	6366	GCG	22.22	4
0	28	6366	GTC	5.56	1
0	28	6366	GTG	22.22	4
0	28	6378	AG	47.62	10
0	28	6378	GA	52.38	11
0	28	6379	A	66.67	16
0	28	6379	G	33.33	8
0	28	6396	A	42.86	3
0	28	6396	G	57.14	4
0	28	6398	A	21.95	9
0	28	6398	T	78.05	32
0	28	6410	GG	27.27	3
0	28	6410	TA	45.45	5
0	28	6410	TG	27.27	3
0	28	6419	CC	22.45	11
0	28	6419	CT	38.78	19
0	28	6419	TC	38.78	19
0	28	6420	C	50.00	6
0	28	6420	T	50.00	6
0	28	6425	C	33.33	4
0	28	6425	T	66.67	8
0	28	6430	A	50.00	6
0	28	6430	G	50.00	6
0	28	6445	C	30.11	28
0	28	6445	G	63.44	59
0	28	6459	A	55.00	11
0	28	6459	G	45.00	9
0	28	6473	AC	35.29	6
0	28	6473	GC	23.53	4
0	28	6473	GT	41.18	7
0	28	6480	C	26.67	4
0	28	6480	G	73.33	11
0	28	6491	A	44.44	8
0	28	6491	G	55.56	10
0	28	6514	AA	38.46	5
0	28	6514	GA	30.77	4
0	28	6514	GG	30.77	4
0	28	6525	C	50.00	7
0	28	6525	T	50.00	7
0	28	6551	CA	2.31	5
0	28	6551	CT	20.83	45
0	28	6551	TA	76.85	166
0	28	6616	C	57.14	4
0	28	6616	T	42.86	3
0	28	6634	CC	20.00	2
0	28	6634	CT	30.00	3
0	28	6634	TC	50.00	5
0	28	6644	AC	56.90	33
0	28	6644	TT	43.10	25
0	28	6651	AAT	42.86	3
0	28	6651	GCA	57.14	4
0	28	6652	CT	37.50	3
0	28	6652	GC	62.50	5
0	28	6662	C	35.71	5
0	28	6662	T	64.29	9
0	28	6679	AT	42.86	3
0	28	6679	GG	57.14	4
0	28	6680	A	44.44	4
0	28	6680	G	55.56	5
0	28	6681	C	44.44	12
0	28	6681	T	55.56	15
0	28	6729	AC	7.14	2
0	28	6729	AT	67.86	19
0	28	6729	GC	25.00	7
0	28	6760	C	32.26	10
0	28	6760	T	67.74	21
0	28	6773	A	58.33	7
0	28	6773	G	41.67	5
0	28	6778	C	53.57	15
0	28	6778	T	46.43	13
0	28	6780	AAC	30.26	23
0	28	6780	GCA	23.68	18
0	28	6780	GCC	46.05	35
0	28	6794	C	38.46	5
0	28	6794	G	61.54	8
0	28	6795	AG	28.92	24
0	28	6795	CA	31.33	26
0	28	6795	CG	39.76	33
0	28	6813	C	40.00	6
0	28	6813	T	60.00	9
0	28	6851	AC	59.38	19
0	28	6851	GT	37.50	12
0	28	6852	A	23.81	5
0	28	6852	G	76.19	16
0	28	6861	CT	34.55	19
0	28	6861	TC	65.45	36
0	28	6878	C	31.25	5
0	28	6878	T	68.75	11
0	28	6888	GTA	15.38	4
0	28	6888	GTG	34.62	9
0	28	6888	TGA	46.15	12
0	28	6905	A	50.00	7
0	28	6905	C	50.00	7
0	28	6909	C	50.00	3
0	28	6909	T	50.00	3
0	28	6925	AC	21.88	7
0	28	6925	GC	6.25	2
0	28	6925	GT	71.88	23
0	28	6927	A	46.43	13
0	28	6927	C	53.57	15
0	28	6936	G	60.00	3
0	28	6936	T	40.00	2
0	28	6955	C	44.44	4
0	28	6955	T	55.56	5
0	28	6960	C	57.14	4
0	28	6960	T	42.86	3
0	28	6969	A	41.67	5
0	28	6969	C	58.33	7
0	28	6972	C	30.00	3
0	28	6972	T	70.00	7
0	28	6990	AA	33.33	13
0	28	6990	GA	2.56	1
0	28	6990	GG	56.41	22
0	28	6997	G	27.27	6
0	28	6997	T	72.73	16
0	28	7004	G	59.26	16
0	28	7004	T	40.74	11
0	28	7007	CA	40.00	8
0	28	7007	TG	60.00	12
0	28	7015	ATG	60.00	3
0	28	7015	CAT	40.00	2
0	28	7016	G	40.00	10
0	28	7016	T	60.00	15
0	28	7025	A	56.25	9
0	28	7025	G	43.75	7
0	28	7038	A	73.33	11
0	28	7038	C	26.67	4
0	28	7039	A	50.00	4
0	28	7039	G	50.00	4
0	28	7041	A	70.00	7
0	28	7041	C	30.00	3
0	28	7061	C	60.00	9
0	28	7061	T	40.00	6
0	28	7082	CG	40.74	11
0	28	7082	CT	25.93	7
0	28	7082	TG	22.22	6
0	28	7082	TT	7.41	2
0	28	7099	CT	58.97	23
0	28	7099	TC	41.03	16
0	28	7131	A	38.46	5
0	28	7131	C	61.54	8
0	28	7139	A	50.00	11
0	28	7139	T	50.00	11
0	28	7154	AA	28.97	31
0	28	7154	AT	31.78	34
0	28	7154	GT	39.25	42
0	28	7163	C	58.82	10
0	28	7163	T	41.18	7
0	28	7165	C	52.17	12
0	28	7165	T	43.48	10
0	28	7173	A	55.56	5
0	28	7173	G	44.44	4
0	28	7177	A	69.23	36
0	28	7177	C	30.77	16
0	28	7207	GAA	44.44	4
0	28	7207	TAG	11.11	1
0	28	7207	TGG	44.44	4
0	28	7223	GT	62.50	5
0	28	7223	TC	37.50	3
0	28	7238	G	22.73	15
0	28	7238	T	77.27	51
0	28	7239	AT	57.14	4
0	28	7239	GC	42.86	3
0	28	7247	G	64.52	20
0	28	7247	T	35.48	11
0	28	7261	AT	50.00	19
0	28	7261	GC	42.11	16
0	28	7261	GT	5.26	2
0	28	7262	C	33.33	5
0	28	7262	T	66.67	10
0	28	7276	CT	34.48	10
0	28	7276	TC	65.52	19
0	28	7282	C	50.00	4
0	28	7282	T	50.00	4
0	28	7284	G	44.44	4
0	28	7284	T	55.56	5
0	28	7345	A	50.00	7
0	28	7345	C	50.00	7
0	28	7349	CGC	40.00	2
0	28	7349	TCA	60.00	3
0	28	7366	AA	50.00	4
0	28	7366	CT	50.00	4
0	28	7384	AG	56.14	32
0	28	7384	CA	38.60	22
0	28	7384	CG	5.26	3
0	28	7418	GA	7.69	1
0	28	7418	GC	46.15	6
0	28	7418	TA	38.46	5
0	28	7418	TC	7.69	1
0	28	7426	AG	55.00	11
0	28	7426	CC	45.00	9
0	28	7457	G	55.00	11
0	28	7457	T	45.00	9
0	28	7459	AAA	25.00	5
0	28	7459	AGG	5.00	1
0	28	7459	CAG	5.00	1
0	28	7459	CGA	5.00	1
0	28	7459	CGG	60.00	12
0	28	7460	G	33.33	3
0	28	7460	T	66.67	6
0	28	7494	C	37.50	3
0	28	7494	T	62.50	5
0	28	7507	C	42.86	3
0	28	7507	T	57.14	4
0	28	7513	A	73.17	30
0	28	7513	G	24.39	10
0	28	7528	CC	43.24	16
0	28	7528	TT	56.76	21
0	28	7533	CC	56.25	9
0	28	7533	TG	43.75	7
0	28	7545	A	52.63	10
0	28	7545	C	47.37	9
0	28	7564	CTA	33.33	3
0	28	7564	TGT	66.67	6
0	28	7567	AG	62.50	5
0	28	7567	CA	37.50	3
0	28	7577	A	36.00	9
0	28	7577	C	64.00	16
0	28	7581	CA	38.71	12
0	28	7581	TG	61.29	19
0	28	7601	C	47.06	8
0	28	7601	T	52.94	9
0	28	7608	A	60.87	28
0	28	7608	G	36.96	17
0	28	7609	CA	47.37	9
0	28	7609	TC	52.63	10
0	28	7618	A	28.57	4
0	28	7618	G	71.43	10
0	28	7619	C	33.33	5
0	28	7619	T	66.67	10
0	28	7638	C	50.00	5
0	28	7638	T	50.00	5
0	28	7664	G	57.14	4
0	28	7664	T	42.86	3
0	28	7694	A	28.57	4
0	28	7694	T	71.43	10
0	28	7751	C	50.00	7
0	28	7751	T	50.00	7
0	28	7771	C	40.00	4
0	28	7771	T	60.00	6
0	28	7772	C	56.25	9
0	28	7772	T	43.75	7
0	28	7827	AAC	42.86	3
0	28	7827	GCA	57.14	4
0	28	7828	C	27.27	9
0	28	7828	T	72.73	24
0	28	7852	CCA	5.26	3
0	28	7852	CCG	45.61	26
0	28	7852	TCG	21.05	12
0	28	7852	TGA	24.56	14
0	28	7860	A	40.91	9
0	28	7860	G	59.09	13
0	28	7888	G	26.67	4
0	28	7888	T	73.33	11
0	28	7895	C	40.00	2
0	28	7895	T	60.00	3
0	28	7898	AT	51.72	15
0	28	7898	CC	48.28	14
0	28	7923	G	50.00	11
0	28	7923	T	50.00	11
0	28	7947	A	28.21	11
0	28	7947	G	69.23	27
0	28	7950	A	66.67	8
0	28	7950	C	33.33	4
0	28	7951	AA	73.33	11
0	28	7951	CC	26.67	4
0	28	7958	AA	45.45	5
0	28	7958	AG	27.27	3
0	28	7958	GA	18.18	2
0	28	7958	GG	9.09	1
0	28	7963	A	77.42	24
0	28	7963	G	22.58	7
0	28	7973	A	25.93	7
0	28	7973	G	74.07	20
0	28	7988	C	55.00	11
0	28	7988	T	45.00	9
0	28	7989	ACA	35.00	21
0	28	7989	GAA	43.33	26
0	28	7989	GAG	21.67	13
0	28	8005	AC	40.00	4
0	28	8005	CC	20.00	2
0	28	8005	CT	40.00	4
0	28	8016	A	31.82	7
0	28	8016	G	68.18	15
0	28	8021	CA	44.83	13
0	28	8021	GG	55.17	16
0	28	8035	AC	1.27	1
0	28	8035	AG	62.03	49
0	28	8035	CC	29.11	23
0	28	8035	CG	5.06	4
0	28	8039	C	53.33	8
0	28	8039	T	46.67	7
0	28	8052	A	47.37	9
0	28	8052	C	52.63	10
0	28	8062	GA	45.28	24
0	28	8062	TC	54.72	29
0	28	8093	CA	6.67	1
0	28	8093	CT	26.67	4
0	28	8093	TA	66.67	10
0	28	8097	AC	18.18	2
0	28	8097	AT	36.36	4
0	28	8097	CC	9.09	1
0	28	8097	CT	36.36	4
0	28	8102	C	56.25	9
0	28	8102	T	43.75	7
0	28	8104	GA	52.63	10
0	28	8104	TC	47.37	9
0	28	8119	AG	48.57	17
0	28	8119	CA	51.43	18
0	28	8139	GCG	37.50	21
0	28	8139	GCT	32.14	18
0	28	8139	TTT	30.36	17
0	28	8149	AA	3.03	1
0	28	8149	AC	51.52	17
0	28	8149	TA	33.33	11
0	28	8192	C	64.00	16
0	28	8192	T	36.00	9
0	28	8193	A	31.25	5
0	28	8193	G	68.75	11
0	28	8198	A	37.50	6
0	28	8198	G	62.50	10
0	28	8204	C	41.18	7
0	28	8204	T	58.82	10
0	28	8208	C	40.00	2
0	28	8208	T	60.00	3
0	28	8211	A	43.75	7
0	28	8211	G	56.25	9
0	28	8224	CT	66.67	6
0	28	8224	TC	33.33	3
0	28	8228	AC	20.93	9
0	28	8228	GC	41.86	18
0	28	8228	GT	37.21	16
0	28	8253	CT	48.28	14
0	28	8253	TG	51.72	15
0	28	8289	C	27.78	5
0	28	8289	T	72.22	13
0	28	8330	C	33.33	4
0	28	8330	T	66.67	8
0	28	8331	A	25.00	5
0	28	8331	C	75.00	15
0	28	8339	ATA	32.35	11
0	28	8339	TCT	67.65	23
0	28	8375	AA	42.86	3
0	28	8375	TC	57.14	4
0	28	8376	CC	29.41	10
0	28	8376	TC	20.59	7
0	28	8376	TT	44.12	15
0	28	8381	A	43.75	7
0	28	8381	T	56.25	9
0	28	8382	AC	48.72	19
0	28	8382	GT	51.28	20
0	28	8408	A	63.64	7
0	28	8408	T	36.36	4
0	28	8426	AGT	72.73	8
0	28	8426	GAC	27.27	3
0	28	8453	CC	32.76	19
0	28	8453	CT	31.03	18
0	28	8453	TC	36.21	21
0	28	8455	C	50.00	10
0	28	8455	T	50.00	10
0	28	8459	GC	36.84	7
0	28	8459	TT	63.16	12
0	28	8472	GAT	44.44	4
0	28	8472	TTC	33.33	3
0	28	8472	TTT	22.22	2
0	28	8503	AG	57.58	19
0	28	8503	TG	9.09	3
0	28	8503	TT	33.33	11
0	28	8518	ACA	31.58	6
0	28	8518	AGT	31.58	6
0	28	8518	GGT	26.32	5
0	28	8521	A	55.56	10
0	28	8521	G	44.44	8
0	28	8528	CG	45.45	15
0	28	8528	TA	54.55	18
0	28	8543	ACA	21.74	10
0	28	8543	TCA	23.91	11
0	28	8543	TCC	30.43	14
0	28	8543	TTA	23.91	11
0	28	8570	A	20.75	11
0	28	8570	G	79.25	42
0	28	8571	G	50.00	6
0	28	8571	T	50.00	6
0	28	8581	A	54.17	13
0	28	8581	T	45.83	11
0	28	8594	A	75.00	24
0	28	8594	G	25.00	8
0	28	8610	AG	50.00	5
0	28	8610	GA	50.00	5
0	28	8663	AC	57.69	15
0	28	8663	AG	7.69	2
0	28	8663	GG	30.77	8
0	28	8665	A	70.83	17
0	28	8665	G	29.17	7
0	28	8674	C	54.55	6
0	28	8674	G	45.45	5
0	28	8676	CC	33.33	6
0	28	8676	TT	66.67	12
0	28	8703	CA	46.67	7
0	28	8703	TG	53.33	8
0	28	8711	A	25.00	4
0	28	8711	T	75.00	12
0	28	8713	A	47.83	11
0	28	8713	G	52.17	12
0	28	8728	GG	20.00	2
0	28	8728	GT	20.00	2
0	28	8728	TG	10.00	1
0	28	8728	TT	50.00	5
0	28	8734	AA	60.00	3
0	28	8734	CC	40.00	2
0	28	8742	C	61.54	8
0	28	8742	G	38.46	5
0	28	8766	C	61.11	11
0	28	8766	G	38.89	7
0	28	8796	C	65.38	17
0	28	8796	T	34.62	9
0	28	8814	ACC	13.64	3
0	28	8814	ACT	9.09	2
0	28	8814	GCC	54.55	12
0	28	8814	GTC	9.09	2
0	28	8814	GTT	13.64	3
0	28	8882	C	37.50	6
0	28	8882	T	62.50	10
0	28	8898	C	38.89	7
0	28	8898	T	61.11	11
0	28	8906	GC	30.00	3
0	28	8906	TT	70.00	7
0	28	8921	C	35.71	5
0	28	8921	T	64.29	9
0	28	8949	A	57.14	4
0	28	8949	C	42.86	3
0	28	8961	CA	38.89	7
0	28	8961	CC	33.33	6
0	28	8961	TA	5.56	1
0	28	8961	TC	22.22	4
0	28	8980	CA	16.67	3
0	28	8980	CG	22.22	4
0	28	8980	TA	50.00	9
0	28	8980	TG	11.11	2
0	28	8988	A	74.07	20
0	28	8988	T	25.93	7
0	28	9005	GCC	53.85	7
0	28	9005	TCA	15.38	2
0	28	9005	TGA	30.77	4
0	28	9025	CCA	31.88	22
0	28	9025	CCC	33.33	23
0	28	9025	TTA	34.78	24
0	28	9028	A	35.00	7
0	28	9028	C	65.00	13
0	28	9036	AAC	55.56	5
0	28	9036	GCA	33.33	3
0	28	9036	GCC	11.11	1
0	28	9042	CC	23.08	3
0	28	9042	CT	7.69	1
0	28	9042	TC	15.38	2
0	28	9042	TT	46.15	6
0	28	9055	AA	42.86	6
0	28	9055	GA	7.14	1
0	28	9055	GG	50.00	7
0	28	9074	A	44.44	8
0	28	9074	G	55.56	10
0	28	9083	CG	25.00	4
0	28	9083	TG	25.00	4
0	28	9083	TT	50.00	8
0	28	9097	CC	54.05	20
0	28	9097	TG	45.95	17
0	28	9106	AG	50.00	5
0	28	9106	GA	50.00	5
0	28	9124	C	60.00	12
0	28	9124	T	40.00	8
0	28	9126	GAC	3.57	3
0	28	9126	GGC	55.95	47
0	28	9126	TAA	38.10	32
0	28	9140	C	40.00	4
0	28	9140	T	60.00	6
0	28	9155	A	37.50	6
0	28	9155	C	62.50	10
0	28	9158	CACA	37.14	13
0	28	9158	CGCG	31.43	11
0	28	9158	TGTG	31.43	11
0	28	9177	AA	21.43	9
0	28	9177	AG	7.14	3
0	28	9177	GA	2.38	1
0	28	9177	GG	69.05	29
0	28	9188	AT	50.00	3
0	28	9188	CC	50.00	3
0	28	9193	A	37.50	3
0	28	9193	G	62.50	5
0	28	9195	A	58.33	7
0	28	9195	G	41.67	5
0	28	9204	C	33.33	3
0	28	9204	T	66.67	6
0	28	9229	C	34.21	13
0	28	9229	T	65.79	25
0	28	9231	C	70.37	19
0	28	9231	G	29.63	8
0	28	9278	CG	50.00	4
0	28	9278	TA	50.00	4
0	28	9280	C	58.82	10
0	28	9280	T	41.18	7
0	28	9281	C	60.00	3
0	28	9281	G	40.00	2
0	28	9284	C	55.00	11
0	28	9284	G	45.00	9
0	28	9328	C	42.86	3
0	28	9328	T	57.14	4
0	28	9345	AG	77.78	21
0	28	9345	GC	22.22	6
0	28	9353	AC	50.00	3
0	28	9353	GT	50.00	3
0	28	9385	G	63.64	7
0	28	9385	T	36.36	4
0	28	9404	A	74.07	20
0	28	9404	C	25.93	7
0	28	9419	AG	33.33	3
0	28	9419	GA	66.67	6
0	28	9431	A	36.36	4
0	28	9431	C	63.64	7
0	28	9449	AC	57.69	15
0	28	9449	GC	15.38	4
0	28	9449	GT	26.92	7
0	28	9467	G	40.00	6
0	28	9467	T	60.00	9
0	28	9475	C	50.00	11
0	28	9475	T	50.00	11
0	28	9477	ACG	6.67	1
0	28	9477	ATA	26.67	4
0	28	9477	GCA	6.67	1
0	28	9477	GCG	53.33	8
0	28	9477	GTG	6.67	1
0	28	9480	G	60.00	6
0	28	9480	T	40.00	4
0	28	9481	C	33.33	3
0	28	9481	T	66.67	6
0	28	9523	A	31.25	15
0	28	9523	G	68.75	33
0	28	9607	GA	11.11	1
0	28	9607	GG	55.56	5
0	28	9607	TA	33.33	3
0	28	9660	C	40.00	6
0	28	9660	T	60.00	9
0	28	9692	A	64.29	18
0	28	9692	T	35.71	10
0	28	9714	CAC	11.76	2
0	28	9714	CAT	17.65	3
0	28	9714	TAC	41.18	7
0	28	9714	TTC	5.88	1
0	28	9714	TTT	23.53	4
0	28	9724	A	52.17	12
0	28	9724	G	47.83	11
0	28	9754	AC	59.65	34
0	28	9754	GC	1.75	1
0	28	9754	GT	36.84	21
0	28	9783	AG	37.04	10
0	28	9783	GC	62.96	17
0	28	9802	A	66.67	8
0	28	9802	G	33.33	4
0	28	9825	G	46.67	35
0	28	9825	T	53.33	40
0	28	9828	CC	33.33	3
0	28	9828	TC	22.22	2
0	28	9828	TT	44.44	4
0	28	9871	AG	47.62	10
0	28	9871	TT	52.38	11
0	28	9879	A	58.33	7
0	28	9879	G	41.67	5
0	28	9880	GG	50.00	3
0	28	9880	TA	50.00	3
0	28	9892	AG	50.00	7
0	28	9892	CA	50.00	7
0	28	9908	A	45.00	9
0	28	9908	G	55.00	11
0	28	9911	AT	33.33	18
0	28	9911	TC	66.67	36
0	28	9914	C	63.64	7
0	28	9914	T	36.36	4
0	28	9918	ACT	73.33	11
0	28	9918	CGA	26.67	4
0	28	9921	ATAC	60.00	3
0	28	9921	GCCA	40.00	2
0	28	9929	A	42.31	11
0	28	9929	G	57.69	15
0	28	9931	AAAT	60.00	3
0	28	9931	CGGC	40.00	2
0	28	9934	A	40.91	9
0	28	9934	T	59.09	13
0	28	9942	C	53.33	8
0	28	9942	T	46.67	7
0	28	9945	C	40.00	8
0	28	9945	T	60.00	12
0	28	9963	AC	30.00	6
0	28	9963	AT	35.00	7
0	28	9963	TT	35.00	7
0	28	9969	G	72.41	21
0	28	9969	T	27.59	8
0	28	9978	GG	75.00	12
0	28	9978	TT	25.00	4
0	28	9980	AA	40.91	18
0	28	9980	TG	59.09	26
0	28	9994	GT	75.00	15
0	28	9994	TC	25.00	5
0	28	10007	AG	52.38	11
0	28	10007	GG	23.81	5
0	28	10007	GT	23.81	5
0	28	10009	AA	30.00	3
0	28	10009	AG	20.00	2
0	28	10009	GA	10.00	1
0	28	10009	GG	40.00	4
0	28	10062	AAC	11.11	2
0	28	10062	AGC	5.56	1
0	28	10062	AGT	11.11	2
0	28	10062	GAC	5.56	1
0	28	10062	GAT	27.78	5
0	28	10062	GGC	22.22	4
0	28	10062	GGT	16.67	3
0	28	10071	A	57.14	4
0	28	10071	G	42.86	3
0	28	10083	ATAT	40.00	2
0	28	10083	CGGC	60.00	3
0	28	10091	ACC	23.81	5
0	28	10091	ACT	28.57	6
0	28	10091	CCT	4.76	1
0	28	10091	CTT	42.86	9
0	28	10114	A	40.00	6
0	28	10114	G	60.00	9
0	28	10126	A	46.67	7
0	28	10126	G	53.33	8
0	28	10133	CA	18.75	3
0	28	10133	CG	37.50	6
0	28	10133	TA	12.50	2
0	28	10133	TG	31.25	5
0	28	10136	C	61.90	13
0	28	10136	T	38.10	8
0	28	10155	ACC	7.14	1
0	28	10155	ATT	50.00	7
0	28	10155	GCC	35.71	5
0	28	10155	GTC	7.14	1
0	28	10159	A	42.86	9
0	28	10159	T	57.14	12
0	28	10179	GC	23.81	5
0	28	10179	GT	4.76	1
0	28	10179	TT	71.43	15
0	28	10180	AG	60.00	3
0	28	10180	GA	40.00	2
0	28	10185	GC	33.33	4
0	28	10185	TG	66.67	8
0	28	10192	AAAAT	21.65	21
0	28	10192	GAGAC	31.96	31
0	28	10192	GAGAT	21.65	21
0	28	10192	GGGCC	24.74	24
0	28	10216	CA	45.00	9
0	28	10216	CG	25.00	5
0	28	10216	GG	30.00	6
0	28	10222	C	28.57	6
0	28	10222	T	71.43	15
0	28	10224	A	64.29	9
0	28	10224	C	35.71	5
0	28	10239	C	71.43	10
0	28	10239	T	28.57	4
0	28	10267	CG	50.00	3
0	28	10267	TA	50.00	3
0	28	10271	AG	33.33	3
0	28	10271	CA	66.67	6
0	28	10279	GG	11.11	1
0	28	10279	GT	22.22	2
0	28	10279	TG	22.22	2
0	28	10279	TT	44.44	4
0	28	10280	GG	15.62	5
0	28	10280	GT	6.25	2
0	28	10280	TG	12.50	4
0	28	10280	TT	62.50	20
0	28	10286	A	23.68	9
0	28	10286	G	76.32	29
0	28	10291	GA	44.74	17
0	28	10291	TT	55.26	21
0	28	10292	CG	64.29	9
0	28	10292	CT	7.14	1
0	28	10292	GG	7.14	1
0	28	10292	GT	21.43	3
0	28	10307	AG	46.67	7
0	28	10307	TA	53.33	8
0	28	10331	G	57.14	8
0	28	10331	T	42.86	6
0	28	10358	A	27.78	10
0	28	10358	C	72.22	26
0	28	10361	CA	50.00	9
0	28	10361	TG	50.00	9
0	28	10364	C	40.00	2
0	28	10364	T	60.00	3
0	28	10383	A	46.15	6
0	28	10383	G	53.85	7
0	28	10399	GC	37.50	3
0	28	10399	TG	62.50	5
0	28	10405	C	68.42	13
0	28	10405	G	31.58	6
0	28	10419	G	38.46	5
0	28	10419	T	61.54	8
0	28	10432	C	60.00	3
0	28	10432	G	40.00	2
0	28	10435	C	50.00	4
0	28	10435	T	50.00	4
0	28	10448	AATC	9.52	2
0	28	10448	ACTA	28.57	6
0	28	10448	GACA	4.76	1
0	28	10448	GATC	28.57	6
0	28	10448	GCCC	19.05	4
0	28	10448	GCTA	4.76	1
0	28	10509	AAT	37.50	6
0	28	10509	AGC	6.25	1
0	28	10509	GAC	12.50	2
0	28	10509	GGC	43.75	7
0	28	10516	ACT	12.50	3
0	28	10516	ATA	29.17	7
0	28	10516	CCT	58.33	14
0	28	10545	CT	37.50	3
0	28	10545	TC	62.50	5
0	28	10550	A	57.69	15
0	28	10550	G	42.31	11
0	28	10559	G	73.68	14
0	28	10559	T	26.32	5
0	28	10568	A	50.00	3
0	28	10568	G	50.00	3
0	28	10587	AA	45.45	5
0	28	10587	CC	54.55	6
0	28	10616	G	70.00	7
0	28	10616	T	30.00	3
0	28	10634	G	44.44	4
0	28	10634	T	55.56	5
0	28	10641	CGTA	60.00	3
0	28	10641	TACT	40.00	2
0	28	10642	A	35.71	5
0	28	10642	C	64.29	9
0	28	10656	A	38.89	7
0	28	10656	G	61.11	11
0	28	10676	AAA	60.00	3
0	28	10676	GGC	40.00	2
0	28	10716	AG	47.50	19
0	28	10716	AT	2.50	1
0	28	10716	TG	25.00	10
0	28	10716	TT	20.00	8
0	28	10732	CC	45.45	10
0	28	10732	TG	54.55	12
0	28	10750	A	38.46	5
0	28	10750	G	61.54	8
0	28	10754	C	47.37	9
0	28	10754	T	52.63	10
0	28	10791	G	72.73	8
0	28	10791	T	27.27	3
0	28	10795	A	75.00	12
0	28	10795	G	25.00	4
0	28	10808	A	46.67	14
0	28	10808	G	50.00	15
0	28	10813	AC	4.35	1
0	28	10813	AT	30.43	7
0	28	10813	TC	21.74	5
0	28	10813	TT	43.48	10
0	28	10818	AG	70.00	7
0	28	10818	CT	30.00	3
0	28	10837	C	33.33	6
0	28	10837	T	66.67	12
0	28	10845	C	56.52	26
0	28	10845	T	43.48	20
0	28	10848	CCA	36.36	4
0	28	10848	CCT	9.09	1
0	28	10848	CGA	27.27	3
0	28	10848	TCT	27.27	3
0	28	10861	AGA	59.26	32
0	28	10861	ATA	1.85	1
0	28	10861	ATT	3.70	2
0	28	10861	TTT	29.63	16
0	28	10916	AT	27.27	3
0	28	10916	CG	72.73	8
0	28	10941	GGA	26.67	4
0	28	10941	TAA	6.67	1
0	28	10941	TAG	26.67	4
0	28	10941	TGA	40.00	6
0	28	10945	CA	10.00	2
0	28	10945	CG	60.00	12
0	28	10945	TA	30.00	6
0	28	10946	A	46.15	6
0	28	10946	G	53.85	7
0	28	10948	C	28.57	4
0	28	10948	T	71.43	10
0	28	10954	CAT	40.00	22
0	28	10954	CGC	5.45	3
0	28	10954	TAT	14.55	8
0	28	10954	TGC	36.36	20
0	28	10954	TGT	3.64	2
0	28	10959	C	33.33	10
0	28	10959	T	66.67	20
0	28	10969	A	68.75	11
0	28	10969	G	31.25	5
0	28	10984	A	46.67	7
0	28	10984	G	53.33	8
0	28	10994	AG	30.43	7
0	28	10994	CA	60.87	14
0	28	11006	G	60.00	12
0	28	11006	T	40.00	8
0	28	11082	C	42.86	3
0	28	11082	T	57.14	4
0	28	11083	A	64.29	18
0	28	11083	G	35.71	10
0	28	11087	AC	42.31	11
0	28	11087	GC	3.85	1
0	28	11087	GT	53.85	14
0	28	11088	CAC	31.58	6
0	28	11088	CAT	15.79	3
0	28	11088	CCC	5.26	1
0	28	11088	TCC	31.58	6
0	28	11088	TCT	15.79	3
0	28	11092	CAC	7.14	2
0	28	11092	CAT	42.86	12
0	28	11092	CGC	3.57	1
0	28	11092	CGT	3.57	1
0	28	11092	TAC	7.14	2
0	28	11092	TAT	7.14	2
0	28	11092	TGC	28.57	8
0	28	11141	C	36.36	4
0	28	11141	T	63.64	7
0	28	11147	G	68.97	20
0	28	11147	T	27.59	8
0	28	11156	AAG	28.99	20
0	28	11156	CTT	68.12	47
0	28	11160	AG	62.50	5
0	28	11160	TA	37.50	3
0	28	11214	AG	50.00	16
0	28	11214	GA	50.00	16
0	28	11226	CAA	12.50	3
0	28	11226	CAG	12.50	3
0	28	11226	CGA	20.83	5
0	28	11226	CGG	8.33	2
0	28	11226	TAA	4.17	1
0	28	11226	TAG	4.17	1
0	28	11226	TGA	12.50	3
0	28	11226	TGG	25.00	6
0	28	11239	CGG	40.00	2
0	28	11239	TAA	60.00	3
0	28	11276	A	40.00	2
0	28	11276	G	60.00	3
0	28	11281	C	70.00	7
0	28	11281	T	30.00	3
0	28	11284	G	35.29	6
0	28	11284	T	64.71	11
0	28	11311	CAC	14.29	2
0	28	11311	CAT	14.29	2
0	28	11311	CTT	21.43	3
0	28	11311	TAC	14.29	2
0	28	11311	TAT	21.43	3
0	28	11311	TTC	14.29	2
0	28	11331	A	41.67	5
0	28	11331	G	58.33	7
0	28	11340	AA	5.00	1
0	28	11340	AC	20.00	4
0	28	11340	GA	35.00	7
0	28	11340	GC	40.00	8
0	28	11344	C	39.13	9
0	28	11344	G	60.87	14
0	28	11348	AGT	50.00	3
0	28	11348	GCG	50.00	3
0	28	11374	CG	26.67	4
0	28	11374	GA	73.33	11
0	28	11381	GG	31.25	5
0	28	11381	TA	68.75	11
0	28	11401	C	70.00	7
0	28	11401	T	30.00	3
0	28	11403	C	75.00	12
0	28	11403	G	25.00	4
0	28	11436	C	28.57	8
0	28	11436	T	64.29	18
0	28	11437	CG	22.00	22
0	28	11437	TC	78.00	78
0	28	11466	CCA	22.58	7
0	28	11466	CCG	38.71	12
0	28	11466	GTA	38.71	12
0	28	11468	AA	44.44	4
0	28	11468	CA	11.11	1
0	28	11468	CT	44.44	4
0	28	11485	A	62.50	5
0	28	11485	G	37.50	3
0	28	11490	A	66.67	12
0	28	11490	G	33.33	6
0	28	11500	GG	58.33	7
0	28	11500	TA	33.33	4
0	28	11500	TG	8.33	1
0	28	11534	AA	40.00	2
0	28	11534	TC	60.00	3
0	28	11546	C	53.33	8
0	28	11546	T	46.67	7
0	28	11548	A	27.27	3
0	28	11548	T	72.73	8
0	28	11574	AC	30.77	4
0	28	11574	AT	30.77	4
0	28	11574	GC	7.69	1
0	28	11574	GT	30.77	4
0	28	11591	AA	29.41	5
0	28	11591	CA	41.18	7
0	28	11591	CC	29.41	5
0	28	11637	A	64.71	11
0	28	11637	G	35.29	6
0	28	11655	CG	37.14	13
0	28	11655	TA	62.86	22
0	28	11676	A	60.61	20
0	28	11676	G	36.36	12
0	28	11726	AG	38.30	18
0	28	11726	TA	61.70	29
0	28	11732	C	40.00	4
0	28	11732	T	60.00	6
0	28	11760	A	50.00	4
0	28	11760	G	50.00	4
0	28	11765	G	66.67	8
0	28	11765	T	33.33	4
0	28	11776	A	38.10	8
0	28	11776	T	61.90	13
0	28	11777	C	75.38	49
0	28	11777	G	24.62	16
0	28	11789	ATA	37.50	3
0	28	11789	GGT	37.50	3
0	28	11789	GTA	25.00	2
0	28	11794	AAA	30.00	3
0	28	11794	GAG	10.00	1
0	28	11794	GGG	60.00	6
0	28	11814	C	66.67	14
0	28	11814	T	33.33	7
0	28	11821	A	33.33	3
0	28	11821	C	66.67	6
0	28	11825	AT	40.00	6
0	28	11825	GC	60.00	9
0	28	11840	A	70.83	17
0	28	11840	G	29.17	7
0	28	11867	AA	35.90	14
0	28	11867	GT	64.10	25
0	28	11885	A	37.50	3
0	28	11885	T	62.50	5
0	28	11887	A	60.00	3
0	28	11887	T	40.00	2
0	28	11899	A	69.70	23
0	28	11899	G	30.30	10
0	28	11910	GTG	25.00	4
0	28	11910	TCA	75.00	12
0	28	11967	AT	33.33	3
0	28	11967	TG	55.56	5
0	28	11967	TT	11.11	1
0	28	12051	C	59.26	16
0	28	12051	T	40.74	11
0	28	12110	AC	37.50	3
0	28	12110	CA	50.00	4
0	28	12110	CC	12.50	1
0	28	12123	A	73.33	11
0	28	12123	G	26.67	4
0	28	12124	CC	10.00	1
0	28	12124	CG	20.00	2
0	28	12124	GC	40.00	4
0	28	12124	GG	20.00	2
0	28	12157	G	66.67	6
0	28	12157	T	33.33	3
0	28	12170	G	66.67	12
0	28	12170	T	33.33	6
0	28	12191	AG	42.86	3
0	28	12191	TA	42.86	3
0	28	12191	TG	14.29	1
0	28	12204	A	33.33	13
0	28	12204	G	66.67	26
0	28	12228	A	24.32	18
0	28	12228	G	75.68	56
0	28	12232	C	40.00	6
0	28	12232	T	60.00	9
0	28	12237	CTT	60.00	3
0	28	12237	TCC	40.00	2
0	28	12238	AC	61.54	8
0	28	12238	GC	7.69	1
0	28	12238	GT	30.77	4
0	28	12272	GA	60.00	3
0	28	12272	TG	40.00	2
0	28	12276	CA	29.41	5
0	28	12276	TG	70.59	12
0	28	12295	A	52.63	10
0	28	12295	G	42.11	8
0	28	12323	G	30.00	3
0	28	12323	T	70.00	7
0	28	12362	A	46.15	6
0	28	12362	C	53.85	7
0	28	12367	A	63.16	12
0	28	12367	G	36.84	7
0	28	12410	A	70.00	14
0	28	12410	G	30.00	6
0	28	12437	C	40.00	12
0	28	12437	T	60.00	18
0	28	12440	G	38.10	8
0	28	12440	T	61.90	13
0	28	12453	A	50.00	3
0	28	12453	G	50.00	3
0	28	12520	C	68.42	13
0	28	12520	G	31.58	6
0	28	12534	A	35.71	5
0	28	12534	T	64.29	9
0	28	12547	A	26.09	6
0	28	12547	C	73.91	17
0	28	12570	C	50.00	3
0	28	12570	T	50.00	3
0	28	12615	AC	9.52	2
0	28	12615	AT	42.86	9
0	28	12615	TC	14.29	3
0	28	12615	TT	33.33	7
0	28	12655	A	73.91	17
0	28	12655	G	26.09	6
0	28	12696	CCT	30.00	3
0	28	12696	CTC	40.00	4
0	28	12696	TTC	10.00	1
0	28	12696	TTT	20.00	2
0	28	12703	G	40.00	2
0	28	12703	T	60.00	3
0	28	12707	AA	40.00	8
0	28	12707	AG	10.00	2
0	28	12707	CG	50.00	10
0	28	12716	A	60.00	3
0	28	12716	G	40.00	2
0	28	12730	A	43.75	7
0	28	12730	C	56.25	9
0	28	12757	CC	73.33	22
0	28	12757	TC	3.33	1
0	28	12757	TT	23.33	7
0	28	12775	AA	66.67	6
0	28	12775	GG	33.33	3
0	28	12780	C	40.00	2
0	28	12780	T	60.00	3
0	28	12782	CA	46.15	6
0	28	12782	CT	23.08	3
0	28	12782	TT	30.77	4
0	28	12798	A	68.42	13
0	28	12798	C	31.58	6
0	28	12806	A	76.19	16
0	28	12806	G	23.81	5
0	28	12824	CC	50.00	3
0	28	12824	TA	50.00	3
0	28	12835	GC	50.00	12
0	28	12835	TC	20.83	5
0	28	12835	TT	29.17	7
0	28	12845	GC	50.00	7
0	28	12845	GT	21.43	3
0	28	12845	TC	14.29	2
0	28	12845	TT	14.29	2
0	28	12965	C	68.75	11
0	28	12965	T	31.25	5
0	28	12985	A	60.00	3
0	28	12985	T	40.00	2
0	28	12991	CTG	40.00	2
0	28	12991	TCA	60.00	3
0	28	13026	A	50.00	8
0	28	13026	C	50.00	8
0	28	13031	AG	50.00	3
0	28	13031	GA	50.00	3
0	28	13045	CA	50.00	3
0	28	13045	TT	50.00	3
0	28	13050	A	46.67	7
0	28	13050	G	53.33	8
0	28	13066	AA	50.00	12
0	28	13066	GT	50.00	12
0	28	13083	CT	33.33	6
0	28	13083	GC	66.67	12
0	28	13095	A	50.00	3
0	28	13095	G	50.00	3
0	28	13133	AAA	30.77	4
0	28	13133	AGG	15.38	2
0	28	13133	GAG	7.69	1
0	28	13133	GGA	38.46	5
0	28	13173	A	40.00	4
0	28	13173	G	60.00	6
0	28	13182	A	46.15	6
0	28	13182	G	53.85	7
0	28	13192	G	50.00	4
0	28	13192	T	50.00	4
0	28	13208	A	36.36	4
0	28	13208	G	63.64	7
0	28	13218	C	40.00	2
0	28	13218	T	60.00	3
0	28	13240	CAC	10.00	1
0	28	13240	CTG	60.00	6
0	28	13240	TAC	20.00	2
0	28	13240	TTG	10.00	1
0	28	13248	A	33.33	3
0	28	13248	G	66.67	6
0	28	13255	AA	50.00	4
0	28	13255	GC	50.00	4
0	28	13257	A	60.00	3
0	28	13257	G	40.00	2
0	28	13276	C	50.00	3
0	28	13276	T	50.00	3
0	28	13285	A	40.00	2
0	28	13285	C	60.00	3
0	28	13309	G	50.00	8
0	28	13309	T	50.00	8
0	28	13310	A	40.00	2
0	28	13310	G	60.00	3
0	28	13383	G	54.55	6
0	28	13383	T	45.45	5
0	28	13406	CA	55.17	16
0	28	13406	GG	44.83	13
0	28	13411	C	50.00	3
0	28	13411	T	50.00	3
0	28	13417	CCA	3.85	1
0	28	13417	CCG	38.46	10
0	28	13417	CTG	3.85	1
0	28	13417	TTA	53.85	14
0	28	13428	C	38.89	7
0	28	13428	T	61.11	11
0	28	13447	CAG	62.50	5
0	28	13447	TGC	37.50	3
0	28	13453	AAA	31.25	5
0	28	13453	AGG	25.00	4
0	28	13453	GGA	25.00	4
0	28	13453	GGG	18.75	3
0	28	13457	AAA	27.27	3
0	28	13457	AGG	9.09	1
0	28	13457	GAG	9.09	1
0	28	13457	GGA	9.09	1
0	28	13457	GGG	45.45	5
0	28	13465	A	50.00	3
0	28	13465	T	50.00	3
0	28	13478	AC	60.00	3
0	28	13478	GA	40.00	2
0	28	13480	AA	50.00	3
0	28	13480	GT	50.00	3
0	28	13485	AC	33.33	3
0	28	13485	CT	66.67	6
0	28	13489	A	71.43	10
0	28	13489	C	28.57	4
0	28	13512	ATCT	40.00	2
0	28	13512	GGAC	60.00	3
0	28	13529	A	57.14	4
0	28	13529	C	42.86	3
0	28	13532	C	42.86	3
0	28	13532	T	57.14	4
0	28	13541	A	57.14	4
0	28	13541	T	42.86	3
0	28	13579	ATG	60.00	3
0	28	13579	GCA	40.00	2
0	28	13594	AC	12.50	2
0	28	13594	AG	25.00	4
0	28	13594	GC	37.50	6
0	28	13594	GG	12.50	2
0	28	13601	A	50.00	4
0	28	13601	G	50.00	4
0	28	13607	C	62.50	5
0	28	13607	T	37.50	3
0	28	13609	A	60.00	3
0	28	13609	G	40.00	2
0	28	13617	AGA	41.67	5
0	28	13617	CCC	33.33	4
0	28	13617	CGC	25.00	3
0	28	13619	AC	28.57	4
0	28	13619	AT	28.57	4
0	28	13619	GC	21.43	3
0	28	13619	GT	14.29	2
0	28	13622	A	40.00	4
0	28	13622	G	60.00	6
0	28	13625	A	50.00	3
0	28	13625	G	50.00	3
0	28	13667	G	40.00	2
0	28	13667	T	60.00	3
0	28	13673	A	70.00	14
0	28	13673	C	30.00	6
0	28	13690	ATC	53.85	7
0	28	13690	TCA	46.15	6
0	28	13704	A	44.44	4
0	28	13704	C	44.44	4
0	28	13721	AC	27.27	3
0	28	13721	AG	9.09	1
0	28	13721	GC	45.45	5
0	28	13721	GG	18.18	2
0	28	13739	C	56.52	13
0	28	13739	T	43.48	10
0	28	13742	AAA	28.57	4
0	28	13742	ACA	14.29	2
0	28	13742	ACG	14.29	2
0	28	13742	GAG	28.57	4
0	28	13742	GCG	7.14	1
0	28	13754	AG	33.33	3
0	28	13754	CC	66.67	6
0	28	13760	A	50.00	3
0	28	13760	G	50.00	3
0	28	13785	CCA	25.00	3
0	28	13785	CCG	8.33	1
0	28	13785	CTA	8.33	1
0	28	13785	CTG	25.00	3
0	28	13785	TCG	33.33	4
0	28	13796	AT	50.00	3
0	28	13796	TC	50.00	3
0	28	13831	CG	36.36	4
0	28	13831	CT	18.18	2
0	28	13831	GG	27.27	3
0	28	13831	GT	18.18	2
0	28	13844	A	32.14	9
0	28	13844	G	60.71	17
0	28	13860	ACA	36.17	17
0	28	13860	ACG	6.38	3
0	28	13860	AGG	4.26	2
0	28	13860	GCA	2.13	1
0	28	13860	GCG	31.91	15
0	28	13860	GGG	19.15	9
0	28	13867	C	50.00	3
0	28	13867	T	50.00	3
0	28	13873	AAT	37.50	3
0	28	13873	CGG	62.50	5
0	28	13887	A	44.44	4
0	28	13887	G	55.56	5
0	28	13895	A	50.00	3
0	28	13895	G	50.00	3
0	28	13902	AC	14.29	1
0	28	13902	AT	42.86	3
0	28	13902	GC	42.86	3
0	28	13908	A	75.86	22
0	28	13908	G	24.14	7
0	28	13909	GCCC	60.00	3
0	28	13909	TTGT	40.00	2
0	28	13915	CAC	3.28	2
0	28	13915	CGC	18.03	11
0	28	13915	CGG	4.92	3
0	28	13915	TAC	6.56	4
0	28	13915	TAG	59.02	36
0	28	13915	TGC	4.92	3
0	28	13937	C	27.27	3
0	28	13937	T	72.73	8
0	28	13945	A	60.00	3
0	28	13945	G	40.00	2
0	28	13946	C	72.73	24
0	28	13946	T	27.27	9
0	28	13953	ACG	37.50	3
0	28	13953	CTT	62.50	5
0	28	13984	A	23.81	5
0	28	13984	G	76.19	16
0	28	13997	AG	50.00	3
0	28	13997	TA	50.00	3
0	28	14028	A	71.43	25
0	28	14028	G	28.57	10
0	28	14040	G	70.00	7
0	28	14040	T	30.00	3
0	28	14043	AAC	11.76	2
0	28	14043	AGC	11.76	2
0	28	14043	AGT	5.88	1
0	28	14043	GAC	11.76	2
0	28	14043	GAT	11.76	2
0	28	14043	GGC	23.53	4
0	28	14043	GGT	17.65	3
0	28	14081	CC	40.00	2
0	28	14081	TA	60.00	3
0	28	14096	A	33.33	4
0	28	14096	G	66.67	8
0	28	14144	G	40.00	2
0	28	14144	T	60.00	3
0	28	14156	A	66.67	6
0	28	14156	G	33.33	3
0	28	14157	A	68.57	24
0	28	14157	C	28.57	10
0	28	14173	C	57.14	4
0	28	14173	T	42.86	3
0	28	14178	CGG	14.29	2
0	28	14178	CTA	28.57	4
0	28	14178	CTG	28.57	4
0	28	14178	GGG	28.57	4
0	28	14180	AGT	37.50	3
0	28	14180	GAG	37.50	3
0	28	14180	GAT	25.00	2
0	28	14185	AC	45.45	5
0	28	14185	TC	18.18	2
0	28	14185	TT	36.36	4
0	28	14191	AGG	37.50	3
0	28	14191	CAC	50.00	4
0	28	14191	CGG	12.50	1
0	28	14199	ACG	3.70	1
0	28	14199	ATA	48.15	13
0	28	14199	TCA	11.11	3
0	28	14199	TCG	22.22	6
0	28	14199	TTG	7.41	2
0	28	14215	C	50.00	6
0	28	14215	G	50.00	6
0	28	14244	ACA	14.29	1
0	28	14244	ATC	42.86	3
0	28	14244	GCA	42.86	3
0	28	14252	C	65.38	17
0	28	14252	T	34.62	9
0	28	14271	A	27.42	17
0	28	14271	G	69.35	43
0	28	14320	ACCA	18.75	3
0	28	14320	ACCG	12.50	2
0	28	14320	ACTG	31.25	5
0	28	14320	GCCA	12.50	2
0	28	14320	GTCA	25.00	4
0	28	14324	GGCG	40.00	2
0	28	14324	TATA	60.00	3
0	28	14328	AC	29.41	5
0	28	14328	AT	41.18	7
0	28	14328	TC	29.41	5
0	28	14343	A	57.14	4
0	28	14343	G	42.86	3
0	28	14344	ACA	15.38	2
0	28	14344	ACG	46.15	6
0	28	14344	GAA	30.77	4
0	28	14344	GCG	7.69	1
0	28	14392	G	60.00	3
0	28	14392	T	40.00	2
0	28	14395	AT	70.59	12
0	28	14395	GC	29.41	5
0	28	14401	AT	50.00	3
0	28	14401	TC	50.00	3
0	28	14453	A	26.67	4
0	28	14453	G	73.33	11
0	28	14461	AT	27.27	6
0	28	14461	GG	72.73	16
0	28	14486	AT	33.33	4
0	28	14486	GA	66.67	8
0	28	14487	A	76.00	19
0	28	14487	G	24.00	6
0	28	14509	C	56.25	9
0	28	14509	T	43.75	7
0	28	14564	A	42.86	3
0	28	14564	G	57.14	4
0	28	14568	A	33.33	3
0	28	14568	G	66.67	6
0	28	14578	A	29.17	7
0	28	14578	G	70.83	17
0	28	14591	A	62.50	5
0	28	14591	G	37.50	3
0	28	14616	AAC	13.64	6
0	28	14616	ACA	11.36	5
0	28	14616	GAC	18.18	8
0	28	14616	GCA	47.73	21
0	28	14616	GCC	4.55	2
0	28	14630	C	40.00	4
0	28	14630	T	60.00	6
0	28	14651	G	60.00	12
0	28	14651	T	40.00	8
0	28	14653	CG	60.00	3
0	28	14653	TT	40.00	2
0	28	14719	ACG	16.00	4
0	28	14719	ATC	16.00	4
0	28	14719	ATG	4.00	1
0	28	14719	GCC	8.00	2
0	28	14719	GTG	56.00	14
0	28	14737	CC	7.69	2
0	28	14737	CT	61.54	16
0	28	14737	TC	30.77	8
0	28	14834	A	53.85	7
0	28	14834	G	46.15	6
0	28	14848	G	50.00	3
0	28	14848	T	50.00	3
0	28	14887	C	72.73	8
0	28	14887	T	27.27	3
0	28	14919	CAG	50.00	5
0	28	14919	TTA	50.00	5
0	28	14926	C	40.00	2
0	28	14926	T	60.00	3
0	28	14931	CCG	13.64	3
0	28	14931	CTG	9.09	2
0	28	14931	TCG	45.45	10
0	28	14931	TCT	18.18	4
0	28	14931	TTG	4.55	1
0	28	14931	TTT	9.09	2
0	28	14981	CG	60.00	3
0	28	14981	TC	40.00	2
0	28	14985	AA	15.38	4
0	28	14985	AT	7.69	2
0	28	14985	TA	50.00	13
0	28	14985	TT	23.08	6
0	28	15000	C	46.15	6
0	28	15000	T	53.85	7
0	28	15082	C	26.67	4
0	28	15082	T	73.33	11
0	28	15118	GTA	30.00	3
0	28	15118	GTG	10.00	1
0	28	15118	TCG	30.00	3
0	28	15118	TTA	10.00	1
0	28	15118	TTG	20.00	2
0	28	15155	A	78.43	40
0	28	15155	G	21.57	11
0	28	15170	GA	52.63	10
0	28	15170	GC	21.05	4
0	28	15170	TA	15.79	3
0	28	15170	TC	10.53	2
0	28	15178	ATTA	40.00	2
0	28	15178	TAAG	60.00	3
0	28	15204	C	57.14	4
0	28	15204	T	42.86	3
